,title,description,product_link,price,Travels,Spindle,Table,Feedrates,Axis Motors,Tool Changer,General,Air Requirements,Electrical Specification,Dimensions - Shipping,Trunnion
0,VF-1,"CNC Vertical Mill with 20"" x 16"" x 20"" travels",/machines/vertical-mills/vf-series/models/small/vf-1.html,"{'USD': '391995.0', 'EUR': '356395.0', 'GBP': '301395.0', 'CHF': '432995.0', 'CNY': '3582888.0'}","{""X Axis"": ""508 mm"", ""Y Axis"": ""406 mm"", ""Z Axis"": ""508 mm"", ""Spindle Nose to Table (~ max)"": ""610 mm"", ""Spindle Nose to Table (~ min)"": ""102 mm""}","{""Max Rating"": ""22.4 kW"", ""Max Speed"": ""8100 rpm"", ""Max Torque"": ""122.0 Nm @ 2000 rpm"", ""Max Torque w/opt Gearbox"": ""339 Nm @ 450 rpm"", ""Drive System"": ""Inline Direct-Drive"", ""Taper"": ""CT40 | BT40 | HSK-A63"", ""Bearing Lubrication"": ""Air / Oil Injection"", ""Cooling"": ""Liquid Cooled""}","{""Length"": ""660 mm"", ""Width"": ""356 mm"", ""T-Slot Width"": ""15.90 mm to 16.00 mm"", ""T-Slot Center Distance"": ""125 mm"", ""Number of Std T-Slots"": ""3"", ""Max Weight on Table (evenly distributed)"": ""1361 kg""}","{""Max Cutting"": ""16.5 m/min"", ""Rapids on X"": ""25.4 m/min"", ""Rapids on Y"": ""25.4 m/min"", ""Rapids on Z"": ""25.4 m/min""}","{""Max Thrust X"": ""11343 N"", ""Max Thrust Y"": ""11343 N"", ""Max Thrust Z"": ""18683 N""}","{""Type"": ""Carousel"", ""Capacity"": ""20"", ""Max Tool Diameter (full)"": ""89 mm"", ""Max Tool Weight"": ""5.4 kg"", ""Tool-to-Tool (avg)"": ""4.20 s"", ""Chip-to-Chip (avg)"": ""4.50 s""}","{""Coolant Capacity"": ""208 L""}","{""Air Required\u2020"": ""113 L/min @ 6.9 bar"", ""Inline Air Hose"": ""3/8 in"", ""Coupler (Air)"": ""3/8 in"", ""Air Pressure Min"": ""5.5 bar""}","{""Spindle Speed"": ""8100 rpm"", ""Drive System"": ""Inline Direct-Drive"", ""Spindle Power"": ""22.4 kW"", ""Input AC Voltage (3 Phase) - Low"": ""220 VAC"", ""Full Load Amps (3 Phase) - Low"": ""70 A"", ""Input AC Voltage (3 Phase) - High*"": ""440 VAC"", ""Full Load Amps (3 Phase) - High*"": ""35 A""}","{""Domestic Pallet"": ""257 cm x 251 cm x 257 cm"", ""Export Pallet"": ""249 cm x 232 cm x 254 cm"", ""Weight"": ""3539.0 kg""}",
1,VF-2,"CNC Vertical Mill with 30"" x 16"" x 20"" travels",/machines/vertical-mills/vf-series/models/small/vf-2.html,"{'USD': '391995.0', 'EUR': '356395.0', 'GBP': '301395.0', 'CHF': '432995.0', 'CNY': '3582888.0'}","{""X Axis"": ""762 mm"", ""Y Axis"": ""406 mm"", ""Z Axis"": ""508 mm"", ""Spindle Nose to Table (~ max)"": ""610 mm"", ""Spindle Nose to Table (~ min)"": ""102 mm""}","{""Max Rating"": ""22.4 kW"", ""Max Speed"": ""8100 rpm"", ""Max Torque"": ""122.0 Nm @ 2000 rpm"", ""Max Torque w/opt Gearbox"": ""339 Nm @ 450 rpm"", ""Drive System"": ""Inline Direct-Drive"", ""Taper"": ""CT40 | BT40 | HSK-A63"", ""Bearing Lubrication"": ""Air / Oil Injection"", ""Cooling"": ""Liquid Cooled""}","{""Length"": ""914 mm"", ""Width"": ""356 mm"", ""T-Slot Width"": ""15.90 mm to 16.00 mm"", ""T-Slot Center Distance"": ""125 mm"", ""Number of Std T-Slots"": ""3"", ""Max Weight on Table (evenly distributed)"": ""1361 kg""}","{""Max Cutting"": ""16.5 m/min"", ""Rapids on X"": ""25.4 m/min"", ""Rapids on Y"": ""25.4 m/min"", ""Rapids on Z"": ""25.4 m/min""}","{""Max Thrust X"": ""11343 N"", ""Max Thrust Y"": ""11343 N"", ""Max Thrust Z"": ""18683 N""}","{""Type"": ""Carousel"", ""Capacity"": ""20"", ""Max Tool Diameter (full)"": ""89 mm"", ""Max Tool Weight"": ""5.4 kg"", ""Tool-to-Tool (avg)"": ""4.20 s"", ""Chip-to-Chip (avg)"": ""4.50 s""}","{""Coolant Capacity"": ""208 L""}","{""Air Required\u2020"": ""113 L/min @ 6.9 bar"", ""Inline Air Hose"": ""3/8 in"", ""Coupler (Air)"": ""3/8 in"", ""Air Pressure Min"": ""5.5 bar""}","{""Spindle Speed"": ""8100 rpm"", ""Drive System"": ""Inline Direct-Drive"", ""Spindle Power"": ""22.4 kW"", ""Input AC Voltage (3 Phase) - Low"": ""220 VAC"", ""Full Load Amps (3 Phase) - Low"": ""70 A"", ""Input AC Voltage (3 Phase) - High*"": ""440 VAC"", ""Full Load Amps (3 Phase) - High*"": ""35 A""}","{""Domestic Pallet"": ""257 cm x 251 cm x 257 cm"", ""Export Pallet"": ""249 cm x 232 cm x 254 cm"", ""Weight"": ""3539.0 kg""}",
2,VF-2TR,"Trunnion CNC Vertical Mill with 30"" x 16"" x 20"" travels",/machines/vertical-mills/vf-series/models/small/vf-2tr.html,"{'USD': '391995.0', 'EUR': '356395.0', 'GBP': '301395.0', 'CHF': '432995.0', 'CNY': '3582888.0'}","{""X Axis"": ""762 mm"", ""Y Axis"": ""406 mm"", ""Z Axis"": ""508 mm"", ""Spindle Nose to Platter (~ max)"": ""371 mm"", ""Spindle Nose to Table (~ max)"": ""610 mm"", ""Spindle Nose to Platter (~ min)"": ""137- mm"", ""Spindle Nose to Table (~ min)"": ""102 mm""}","{""Max Rating"": ""22.4 kW"", ""Max Speed"": ""8100 rpm"", ""Max Torque"": ""122.0 Nm @ 2000 rpm"", ""Max Torque w/opt Gearbox"": ""339 Nm @ 450 rpm"", ""Drive System"": ""Inline Direct-Drive"", ""Taper"": ""CT40 | BT40 | HSK-A63"", ""Bearing Lubrication"": ""Air / Oil Injection"", ""Cooling"": ""Liquid Cooled""}","{""Length"": ""914 mm"", ""Width"": ""356 mm"", ""T-Slot Width"": ""15.90 mm to 16.00 mm"", ""T-Slot Center Distance"": ""125 mm"", ""Number of Std T-Slots"": ""3"", ""Max Weight on Table (evenly distributed)"": ""1361 kg""}","{""Max Cutting"": ""16.5 m/min"", ""Rapids on X"": ""25.4 m/min"", ""Rapids on Y"": ""25.4 m/min"", ""Rapids on Z"": ""25.4 m/min""}","{""Max Thrust X"": ""11343 N"", ""Max Thrust Y"": ""11343 N"", ""Max Thrust Z"": ""18683 N""}","{""Type"": ""SMTC"", ""Capacity"": ""30+1"", ""Max Tool Diameter (full)"": ""64 mm"", ""Max Tool Diameter (adjacent empty)"": ""127 mm"", ""Max Tool Length (from gage line)"": ""279 mm"", ""Max Tool Weight"": ""5.4 kg"", ""Tool-to-Tool (avg)"": ""2.80 s"", ""Chip-to-Chip (avg)"": ""3.60 s""}","{""Coolant Capacity"": ""208 L""}","{""Air Required\u2020"": ""113 L/min @ 6.9 bar"", ""Inline Air Hose"": ""3/8 in"", ""Coupler (Air)"": ""3/8 in"", ""Air Pressure Min"": ""5.5 bar""}","{""Spindle Speed"": ""8100 rpm"", ""Drive System"": ""Inline Direct-Drive"", ""Spindle Power"": ""22.4 kW"", ""Input AC Voltage (3 Phase) - Low"": ""220 VAC"", ""Full Load Amps (3 Phase) - Low"": ""70 A"", ""Input AC Voltage (3 Phase) - High*"": ""440 VAC"", ""Full Load Amps (3 Phase) - High*"": ""35 A""}","{""Domestic Pallet"": ""257 cm x 251 cm x 259 cm"", ""Export Pallet"": ""249 cm x 232 cm x 254 cm"", ""Weight"": ""3765.0 kg""}","{""Platter Diameter"": ""160 mm"", ""Max Weight on Platter"": ""36.3 kg"", ""Max Part Swing (reduced at tilt angles > \u00b1 90\u00b0)"": ""445 mm"", ""T-Slot Width"": ""16 mm"", ""Number of Std T-Slots"": ""6"", ""Pilot Bore Depth"": ""117.6 mm"", ""Rapids on A"": ""80 \u00b0/sec"", ""Rapids on B"": ""80 \u00b0/sec"", ""Max Cutting A"": ""33 \u00b0/sec"", ""Max Cutting B"": ""33 \u00b0/sec""}"
3,VF-2SS,"Super-Speed CNC Vertical Mill with 30"" x 16"" x 20"" travels",/machines/vertical-mills/vf-series/models/small/vf-2ss.html,"{'USD': '391995.0', 'EUR': '356395.0', 'GBP': '301395.0', 'CHF': '432995.0', 'CNY': '3582888.0'}","{""X Axis"": ""762 mm"", ""Y Axis"": ""406 mm"", ""Z Axis"": ""508 mm"", ""Spindle Nose to Table (~ max)"": ""610 mm"", ""Spindle Nose to Table (~ min)"": ""102 mm""}","{""Max Rating"": ""22.4 kW"", ""Max Speed"": ""12000 rpm"", ""Max Torque"": ""122.0 Nm @ 2000 rpm"", ""Drive System"": ""Inline Direct-Drive"", ""Taper"": ""CT40 | BT40 | HSK-A63"", ""Bearing Lubrication"": ""Air / Oil Injection"", ""Cooling"": ""Liquid Cooled""}","{""Length"": ""914 mm"", ""Width"": ""356 mm"", ""T-Slot Width"": ""15.90 mm to 16.00 mm"", ""T-Slot Center Distance"": ""125 mm"", ""Number of Std T-Slots"": ""3"", ""Max Weight on Table (evenly distributed)"": ""680 kg""}","{""Max Cutting"": ""21.2 m/min"", ""Rapids on X"": ""35.6 m/min"", ""Rapids on Y"": ""35.6 m/min"", ""Rapids on Z"": ""35.6 m/min""}","{""Max Thrust X"": ""8874 N"", ""Max Thrust Y"": ""8874 N"", ""Max Thrust Z"": ""13723 N""}","{""Type"": ""SMTC"", ""Capacity"": ""30+1"", ""Max Tool Diameter (full)"": ""64 mm"", ""Max Tool Diameter (adjacent empty)"": ""127 mm"", ""Max Tool Length (from gage line)"": ""279 mm"", ""Max Tool Weight"": ""5.4 kg"", ""Tool-to-Tool (avg)"": ""1.80 s"", ""Chip-to-Chip (avg)"": ""2.40 s""}","{""Coolant Capacity"": ""208 L""}","{""Air Required\u2020"": ""113 L/min @ 6.9 bar"", ""Inline Air Hose"": ""3/8 in"", ""Coupler (Air)"": ""3/8 in"", ""Air Pressure Min"": ""5.5 bar""}","{""Spindle Speed"": ""12000 rpm"", ""Drive System"": ""Inline Direct-Drive"", ""Spindle Power"": ""22.4 kW"", ""Input AC Voltage (3 Phase) - Low"": ""220 VAC"", ""Full Load Amps (3 Phase) - Low"": ""70 A"", ""Input AC Voltage (3 Phase) - High*"": ""440 VAC"", ""Full Load Amps (3 Phase) - High*"": ""35 A""}","{""Domestic Pallet"": ""257 cm x 251 cm x 257 cm"", ""Export Pallet"": ""249 cm x 232 cm x 254 cm"", ""Weight"": ""3539.0 kg"", ""Domestic Pallet w/Conveyor"": ""315 cm x 257 cm x 265 cm"", ""Weight w/Conveyor"": ""8380 lb""}",{}
4,VF-2YT,"CNC Vertical Mill with 30"" x 20"" x 20"" travels",/machines/vertical-mills/vf-series/models/small/vf-2yt.html,"{'USD': '391995.0', 'EUR': '356395.0', 'GBP': '301395.0', 'CHF': '432995.0', 'CNY': '3582888.0'}","{""X Axis"": ""762 mm"", ""Y Axis"": ""508 mm"", ""Z Axis"": ""508 mm"", ""Spindle Nose to Table (~ max)"": ""610 mm"", ""Spindle Nose to Table (~ min)"": ""102 mm""}","{""Max Rating"": ""22.4 kW"", ""Max Speed"": ""8100 rpm"", ""Max Torque"": ""122.0 Nm @ 2000 rpm"", ""Max Torque w/opt Gearbox"": ""339 Nm @ 450 rpm"", ""Drive System"": ""Inline Direct-Drive"", ""Taper"": ""CT or BT 40"", ""Bearing Lubrication"": ""Air / Oil Injection"", ""Cooling"": ""Liquid Cooled""}","{""Length"": ""914 mm"", ""Width"": ""457 mm"", ""T-Slot Width"": ""15.90 mm to 16.00 mm"", ""T-Slot Center Distance"": ""125 mm"", ""Number of Std T-Slots"": ""3"", ""Max Weight on Table (evenly distributed)"": ""1361 kg""}","{""Max Cutting"": ""16.5 m/min"", ""Rapids on X"": ""25.4 m/min"", ""Rapids on Y"": ""25.4 m/min"", ""Rapids on Z"": ""25.4 m/min""}","{""Max Thrust X"": ""11343 N"", ""Max Thrust Y"": ""11343 N"", ""Max Thrust Z"": ""18683 N""}","{""Type"": ""Carousel"", ""Capacity"": ""20"", ""Max Tool Diameter (full)"": ""89 mm"", ""Max Tool Weight"": ""5.4 kg"", ""Tool-to-Tool (avg)"": ""4.20 s"", ""Chip-to-Chip (avg)"": ""4.50 s""}","{""Coolant Capacity"": ""208 L""}","{""Air Required\u2020"": ""113 L/min @ 6.9 bar"", ""Inline Air Hose"": ""3/8 in"", ""Coupler (Air)"": ""3/8 in"", ""Air Pressure Min"": ""5.5 bar""}","{""Spindle Speed"": ""8100 rpm"", ""Drive System"": ""Inline Direct-Drive"", ""Spindle Power"": ""22.4 kW"", ""Input AC Voltage (3 Phase) - Low"": ""220 VAC"", ""Full Load Amps (3 Phase) - Low"": ""70 A"", ""Input AC Voltage (3 Phase) - High*"": ""440 VAC"", ""Full Load Amps (3 Phase) - High*"": ""35 A""}","{""Domestic Pallet"": ""269 cm x 257 cm x 257 cm"", ""Export Pallet"": ""257 cm x 232 cm x 254 cm"", ""Weight"": ""3539.0 kg"", ""Domestic Pallet w/Conveyor"": ""328 cm x 259 cm x 265 cm"", ""Export Pallet w/Conveyor"": ""315 cm x 232 cm x 257 cm"", ""Weight w/Conveyor"": ""9360 lb"", ""Domestic Pallet w/50+1 SMTC"": ""269 cm x 257 cm x 279 cm"", ""Export Crate w/50+1 SMTC"": ""276 cm x 259 cm x 297 cm"", ""Weight w/50+1 SMTC"": ""3675 kg"", ""Domestic Pallet w/70+1 SMTC"": ""269 cm x 259 cm x 316 cm"", ""Export Crate w/70+1 SMTC"": ""276 cm x 259 cm x 330 cm"", ""Weight w/70+1 SMTC"": ""4,500.0 kg"", ""Domestic Pallet w/Conveyor & 70+1 SMTC"": ""315 cm x 260 cm x 325 cm"", ""Weight w/Conveyor & 70+1 SMTC"": ""4,382.0 kg""}",{}
5,VF-2SSYT,"Super-Speed CNC Vertical Mill with 30"" x 20"" x 20"" travels",/machines/vertical-mills/vf-series/models/small/vf-2ssyt.html,"{'USD': '391995.0', 'EUR': '356395.0', 'GBP': '301395.0', 'CHF': '432995.0', 'CNY': '3582888.0'}","{""X Axis"": ""762 mm"", ""Y Axis"": ""508 mm"", ""Z Axis"": ""508 mm"", ""Spindle Nose to Table (~ max)"": ""610 mm"", ""Spindle Nose to Table (~ min)"": ""102 mm""}","{""Max Rating"": ""22.4 kW"", ""Max Speed"": ""12000 rpm"", ""Max Torque"": ""122.0 Nm @ 2000 rpm"", ""Drive System"": ""Inline Direct-Drive"", ""Taper"": ""CT40 | BT40 | HSK-A63"", ""Bearing Lubrication"": ""Air / Oil Injection"", ""Cooling"": ""Liquid Cooled""}","{""Length"": ""914 mm"", ""Width"": ""457 mm"", ""T-Slot Width"": ""15.90 mm to 16.00 mm"", ""T-Slot Center Distance"": ""125 mm"", ""Number of Std T-Slots"": ""3"", ""Max Weight on Table (evenly distributed)"": ""680 kg""}","{""Max Cutting"": ""21.2 m/min"", ""Rapids on X"": ""35.6 m/min"", ""Rapids on Y"": ""35.6 m/min"", ""Rapids on Z"": ""35.6 m/min""}","{""Max Thrust X"": ""8874 N"", ""Max Thrust Y"": ""8874 N"", ""Max Thrust Z"": ""13723 N""}","{""Type"": ""SMTC"", ""Capacity"": ""30+1"", ""Max Tool Diameter (full)"": ""64 mm"", ""Max Tool Diameter (adjacent empty)"": ""127 mm"", ""Max Tool Length (from gage line)"": ""279 mm"", ""Max Tool Weight"": ""5.0 kg"", ""Tool-to-Tool (avg)"": ""1.80 s"", ""Chip-to-Chip (avg)"": ""2.40 s""}","{""Coolant Capacity"": ""208 L""}","{""Air Required\u2020"": ""113 L/min @ 6.9 bar"", ""Inline Air Hose"": ""3/8 in"", ""Coupler (Air)"": ""3/8 in"", ""Air Pressure Min"": ""5.5 bar""}","{""Spindle Speed"": ""12000 rpm"", ""Drive System"": ""Inline Direct-Drive"", ""Spindle Power"": ""22.4 kW"", ""Input AC Voltage (3 Phase) - Low"": ""220 VAC"", ""Full Load Amps (3 Phase) - Low"": ""70 A"", ""Input AC Voltage (3 Phase) - High*"": ""440 VAC"", ""Full Load Amps (3 Phase) - High*"": ""35 A""}","{""Domestic Pallet"": ""269 cm x 259 cm x 257 cm"", ""Export Pallet"": ""232 cm x 254 cm x 257 cm"", ""Weight"": ""3539.0 kg"", ""Domestic Pallet w/Conveyor"": ""328 cm x 259 cm x 267 cm"", ""Export Pallet w/Conveyor"": ""315 cm x 232 cm x 257 cm"", ""Weight w/Conveyor"": ""4246 kg"", ""Domestic Pallet w/50+1 SMTC"": ""269 cm x 259 cm x 279 cm"", ""Export Crate w/50+1 SMTC"": ""269 cm x 259 cm x 297 cm"", ""Weight w/50+1 SMTC"": ""3675 kg"", ""Domestic Pallet w/70+1 SMTC"": ""277 cm x 259 cm x 316 cm"", ""Export Crate w/70+1 SMTC"": ""277 cm x 259 cm x 337 cm"", ""Weight w/70+1 SMTC"": ""4,500.0 kg"", ""Domestic Pallet w/Conveyor & 70+1 SMTC"": ""315 cm x 260 cm x 325 cm"", ""Weight w/Conveyor & 70+1 SMTC"": ""4,382.0 kg""}",{}
6,VF-3,"CNC Vertical Mill with 40"" x 20"" x 25"" travels",/machines/vertical-mills/vf-series/models/medium/vf-3.html,"{'USD': '391995.0', 'EUR': '356395.0', 'GBP': '301395.0', 'CHF': '432995.0', 'CNY': '3582888.0'}","{""X Axis"": ""1016 mm"", ""Y Axis"": ""508 mm"", ""Z Axis"": ""635 mm"", ""Spindle Nose to Table (~ max)"": ""742 mm"", ""Spindle Nose to Table (~ min)"": ""107 mm""}","{""Max Rating"": ""22.4 kW"", ""Max Speed"": ""8100 rpm"", ""Max Torque"": ""122.0 Nm @ 2000 rpm"", ""Max Torque w/opt Gearbox"": ""339 Nm @ 450 rpm"", ""Drive System"": ""Inline Direct-Drive"", ""Taper"": ""CT40 | BT40 | HSK-A63"", ""Bearing Lubrication"": ""Air / Oil Injection"", ""Cooling"": ""Liquid Cooled""}","{""Length"": ""1219 mm"", ""Width"": ""457 mm"", ""T-Slot Width"": ""15.90 mm to 16.00 mm"", ""T-Slot Center Distance"": ""80 mm"", ""Number of Std T-Slots"": ""5"", ""Max Weight on Table (evenly distributed)"": ""1588 kg""}","{""Max Cutting"": ""16.5 m/min"", ""Rapids on X"": ""25.4 m/min"", ""Rapids on Y"": ""25.4 m/min"", ""Rapids on Z"": ""25.4 m/min""}","{""Max Thrust X"": ""11343 N"", ""Max Thrust Y"": ""11343 N"", ""Max Thrust Z"": ""18683 N""}","{""Type"": ""Carousel"", ""Capacity"": ""20"", ""Max Tool Diameter (full)"": ""89 mm"", ""Max Tool Weight"": ""5.4 kg"", ""Tool-to-Tool (avg)"": ""4.20 s"", ""Chip-to-Chip (avg)"": ""4.50 s""}","{""Coolant Capacity"": ""208 L""}","{""Air Required\u2020"": ""113 L/min @ 6.9 bar"", ""Inline Air Hose"": ""3/8 in"", ""Coupler (Air)"": ""3/8 in"", ""Air Pressure Min"": ""5.5 bar""}","{""Spindle Speed"": ""8100 rpm"", ""Drive System"": ""Inline Direct-Drive"", ""Spindle Power"": ""22.4 kW"", ""Input AC Voltage (3 Phase) - Low"": ""220 VAC"", ""Full Load Amps (3 Phase) - Low"": ""70 A"", ""Input AC Voltage (3 Phase) - High*"": ""440 VAC"", ""Full Load Amps (3 Phase) - High*"": ""35 A""}","{""Domestic Pallet"": ""387 cm x 251 cm x 269 cm"", ""Export Pallet"": ""333 cm x 233 cm x 257 cm"", ""Weight"": ""5316.0 kg"", ""Domestic Pallet w/Conveyor"": ""387 cm x 251 cm x 269 cm"", ""Export Pallet w/Conveyor"": ""389 cm x 233 cm x 257 cm"", ""Weight w/Conveyor"": ""6260 kg"", ""Domestic Pallet w/50+1 SMTC"": ""387 cm x 251 cm x 310 cm"", ""Export Pallet w/50+1 SMTC"": ""389 cm x 233 cm x 257 cm"", ""Weight w/50+1 SMTC"": ""6260 kg"", ""Domestic Pallet w/Conveyor & 50+1 SMTC"": ""387 cm x 251 cm x 310 cm"", ""Export Pallet w/Conveyor & 50+1 SMTC"": ""389 cm x 233 cm x 257 cm"", ""Domestic Pallet w/70+1 SMTC"": ""386 cm x 251 cm x 342 cm"", ""Export Crate w/70+1 SMTC"": ""386 cm x 258 cm x 359 cm"", ""Weight w/70+1 SMTC"": ""6,278.0 kg"", ""Weight w/Conveyor & 50+1 SMTC"": ""6260 kg""}",{}
7,VF-3SS,"Super-Speed CNC Vertical Mill with 40"" x 20"" x 25"" travels",/machines/vertical-mills/vf-series/models/medium/vf-3ss.html,"{'USD': '391995.0', 'EUR': '356395.0', 'GBP': '301395.0', 'CHF': '432995.0', 'CNY': '3582888.0'}","{""X Axis"": ""1016 mm"", ""Y Axis"": ""508 mm"", ""Z Axis"": ""635 mm"", ""Spindle Nose to Table (~ max)"": ""742 mm"", ""Spindle Nose to Table (~ min)"": ""107 mm""}","{""Max Rating"": ""22.4 kW"", ""Max Speed"": ""12000 rpm"", ""Max Torque"": ""122.0 Nm @ 2000 rpm"", ""Drive System"": ""Inline Direct-Drive"", ""Taper"": ""CT40 | BT40 | HSK-A63"", ""Bearing Lubrication"": ""Air / Oil Injection"", ""Cooling"": ""Liquid Cooled""}","{""Length"": ""1219 mm"", ""Width"": ""457 mm"", ""T-Slot Width"": ""15.90 mm to 16.00 mm"", ""T-Slot Center Distance"": ""80 mm"", ""Number of Std T-Slots"": ""5"", ""Max Weight on Table (evenly distributed)"": ""794 kg""}","{""Max Cutting"": ""21.2 m/min"", ""Rapids on X"": ""35.6 m/min"", ""Rapids on Y"": ""35.6 m/min"", ""Rapids on Z"": ""35.6 m/min""}","{""Max Thrust X"": ""13723 N"", ""Max Thrust Y"": ""13723 N"", ""Max Thrust Z"": ""17450 N""}","{""Type"": ""SMTC"", ""Capacity"": ""30+1"", ""Max Tool Diameter (full)"": ""64 mm"", ""Max Tool Diameter (adjacent empty)"": ""127 mm"", ""Max Tool Length (from gage line)"": ""330 mm"", ""Max Tool Weight"": ""5.4 kg"", ""Tool-to-Tool (avg)"": ""1.80 s"", ""Chip-to-Chip (avg)"": ""2.40 s""}","{""Coolant Capacity"": ""208 L""}","{""Air Required\u2020"": ""113 L/min @ 6.9 bar"", ""Inline Air Hose"": ""3/8 in"", ""Coupler (Air)"": ""3/8 in"", ""Air Pressure Min"": ""5.5 bar""}","{""Spindle Speed"": ""12000 rpm"", ""Drive System"": ""Inline Direct-Drive"", ""Spindle Power"": ""22.4 kW"", ""Input AC Voltage (3 Phase) - Low"": ""220 VAC"", ""Full Load Amps (3 Phase) - Low"": ""70 A"", ""Input AC Voltage (3 Phase) - High*"": ""440 VAC"", ""Full Load Amps (3 Phase) - High*"": ""35 A""}","{""Domestic Pallet"": ""387 cm x 251 cm x 269 cm"", ""Export Pallet"": ""333 cm x 233 cm x 257 cm"", ""Weight"": ""5316.0 kg"", ""Domestic Pallet w/Conveyor"": ""387 cm x 251 cm x 269 cm"", ""Export Pallet w/Conveyor"": ""389 cm x 233 cm x 257 cm"", ""Weight w/Conveyor"": ""6260 kg"", ""Domestic Pallet w/50+1 SMTC"": ""387 cm x 251 cm x 310 cm"", ""Export Pallet w/50+1 SMTC"": ""333 cm x 233 cm x 257 cm"", ""Weight w/50+1 SMTC"": ""5525 kg"", ""Domestic Pallet w/Conveyor & 50+1 SMTC"": ""387 cm x 251 cm x 310 cm"", ""Export Pallet w/Conveyor & 50+1 SMTC"": ""389 cm x 233 cm x 257 cm"", ""Domestic Pallet w/70+1 SMTC"": ""386 cm x 252 cm x 342 cm"", ""Export Crate w/70+1 SMTC"": ""386 cm x 258 cm x 359 cm"", ""Weight w/70+1 SMTC"": ""6,278.0 kg"", ""Weight w/Conveyor & 50+1 SMTC"": ""5752 kg""}",{}
8,VF-3YT,"CNC Vertical Mill with 40"" x 26"" x 25"" travels",/machines/vertical-mills/vf-series/models/medium/vf-3yt.html,"{'USD': '391995.0', 'EUR': '356395.0', 'GBP': '301395.0', 'CHF': '432995.0', 'CNY': '3582888.0'}","{""X Axis"": ""1016 mm"", ""Y Axis"": ""660 mm"", ""Z Axis"": ""635 mm"", ""Spindle Nose to Table (~ max)"": ""742 mm"", ""Spindle Nose to Table (~ min)"": ""107 mm""}","{""Max Rating"": ""22.4 kW"", ""Max Speed"": ""8100 rpm"", ""Max Torque"": ""122.0 Nm @ 2000 rpm"", ""Max Torque w/opt Gearbox"": ""339 Nm @ 450 rpm"", ""Drive System"": ""Inline Direct-Drive"", ""Taper"": ""CT40 | BT40 | HSK-A63"", ""Bearing Lubrication"": ""Air / Oil Injection"", ""Cooling"": ""Liquid Cooled""}","{""Length"": ""1372 mm"", ""Width"": ""610 mm"", ""T-Slot Width"": ""15.90 mm to 16.00 mm"", ""T-Slot Center Distance"": ""80 mm"", ""Number of Std T-Slots"": ""7"", ""Max Weight on Table (evenly distributed)"": ""1588 kg""}","{""Max Cutting"": ""12.7 m/min"", ""Rapids on X"": ""18.0 m/min"", ""Rapids on Y"": ""18.0 m/min"", ""Rapids on Z"": ""18.0 m/min""}","{""Max Thrust X"": ""11343 N"", ""Max Thrust Y"": ""18238 N"", ""Max Thrust Z"": ""18238 N""}","{""Type"": ""Carousel"", ""Capacity"": ""20"", ""Max Tool Diameter (full)"": ""89 mm"", ""Max Tool Weight"": ""5.4 kg"", ""Tool-to-Tool (avg)"": ""4.20 s"", ""Chip-to-Chip (avg)"": ""4.50 s""}","{""Coolant Capacity"": ""208 L""}","{""Air Required\u2020"": ""113 L/min @ 6.9 bar"", ""Inline Air Hose"": ""3/8 in"", ""Coupler (Air)"": ""3/8 in"", ""Air Pressure Min"": ""5.5 bar""}","{""Spindle Speed"": ""8100 rpm"", ""Drive System"": ""Inline Direct-Drive"", ""Spindle Power"": ""22.4 kW"", ""Input AC Voltage (3 Phase) - Low"": ""220 VAC"", ""Full Load Amps (3 Phase) - Low"": ""70 A"", ""Input AC Voltage (3 Phase) - High*"": ""440 VAC"", ""Full Load Amps (3 Phase) - High*"": ""35 A""}","{""Domestic Pallet"": ""397 cm x 260 cm x 277 cm"", ""Export Pallet"": ""417 cm x 233 cm x 257 cm"", ""Weight"": ""5697.0 kg"", ""Domestic Pallet w/50+1 SMTC"": ""397 cm x 260 cm x 323 cm"", ""Export Pallet w/50+1 SMTC"": ""417 cm x 233 cm x 257 cm"", ""Weight w/50+1 SMTC"": ""7485 kg"", ""Domestic Pallet w/70+1 SMTC"": ""396 cm x 259 cm x 342 cm"", ""Weight w/70+1 SMTC"": ""5,987.0 kg""}",{}
9,VF-3SSYT,"Super-Speed CNC Vertical Mill with 40"" x 26"" x 25"" travels",/machines/vertical-mills/vf-series/models/medium/vf-3ssyt.html,"{'USD': '391995.0', 'EUR': '356395.0', 'GBP': '301395.0', 'CHF': '432995.0', 'CNY': '3582888.0'}","{""X Axis"": ""1016 mm"", ""Y Axis"": ""660 mm"", ""Z Axis"": ""635 mm"", ""Spindle Nose to Table (~ max)"": ""742 mm"", ""Spindle Nose to Table (~ min)"": ""107 mm""}","{""Max Rating"": ""22.4 kW"", ""Max Speed"": ""12000 rpm"", ""Max Torque"": ""122.0 Nm @ 2000 rpm"", ""Drive System"": ""Inline Direct-Drive"", ""Taper"": ""CT40 | BT40 | HSK-A63"", ""Bearing Lubrication"": ""Air / Oil Injection"", ""Cooling"": ""Liquid Cooled""}","{""Length"": ""1372 mm"", ""Width"": ""610 mm"", ""T-Slot Width"": ""15.90 mm to 16.00 mm"", ""T-Slot Center Distance"": ""80 mm"", ""Number of Std T-Slots"": ""7"", ""Max Weight on Table (evenly distributed)"": ""794 kg""}","{""Max Cutting"": ""21.2 m/min"", ""Rapids on X"": ""35.6 m/min"", ""Rapids on Y"": ""35.6 m/min"", ""Rapids on Z"": ""35.6 m/min""}","{""Max Thrust X"": ""13723 N"", ""Max Thrust Y"": ""13723 N"", ""Max Thrust Z"": ""17450 N""}","{""Type"": ""SMTC"", ""Capacity"": ""30+1"", ""Max Tool Diameter (full)"": ""64 mm"", ""Max Tool Diameter (adjacent empty)"": ""127 mm"", ""Max Tool Length (from gage line)"": ""330 mm"", ""Max Tool Weight"": ""5.4 kg"", ""Tool-to-Tool (avg)"": ""1.80 s"", ""Chip-to-Chip (avg)"": ""2.40 s""}","{""Coolant Capacity"": ""208 L""}","{""Air Required\u2020"": ""113 L/min @ 6.9 bar"", ""Inline Air Hose"": ""3/8 in"", ""Coupler (Air)"": ""3/8 in"", ""Air Pressure Min"": ""5.5 bar""}","{""Spindle Speed"": ""12000 rpm"", ""Drive System"": ""Inline Direct-Drive"", ""Spindle Power"": ""22.4 kW"", ""Input AC Voltage (3 Phase) - Low"": ""220 VAC"", ""Full Load Amps (3 Phase) - Low"": ""70 A"", ""Input AC Voltage (3 Phase) - High*"": ""440 VAC"", ""Full Load Amps (3 Phase) - High*"": ""35 A""}","{""Domestic Pallet"": ""397 cm x 260 cm x 277 cm"", ""Export Pallet"": ""417 cm x 233 cm x 257 cm"", ""Weight"": ""6804.0 kg"", ""Domestic Pallet w/50+1 SMTC"": ""397 cm x 260 cm x 323 cm"", ""Export Pallet w/50+1 SMTC"": ""417 cm x 233 cm x 257 cm"", ""Weight w/50+1 SMTC"": ""7485 kg"", ""Domestic Pallet w/70+1 SMTC"": ""396 cm x 259 cm x 342 cm"", ""Weight w/70+1 SMTC"": ""5,987.0 kg""}",{}
10,VF-3YT/50,"CNC Vertical Mill with 40"" x 26"" x 25"" travels",/machines/vertical-mills/vf-series/models/medium/vf-3yt-50.html,"{'USD': '391995.0', 'EUR': '356395.0', 'GBP': '301395.0', 'CHF': '432995.0', 'CNY': '3582888.0'}","{""X Axis"": ""1016 mm"", ""Y Axis"": ""660 mm"", ""Z Axis"": ""635 mm"", ""Spindle Nose to Table (~ max)"": ""836 mm"", ""Spindle Nose to Table (~ min)"": ""201 mm""}","{""Max Rating"": ""22.4 kW"", ""Max Speed"": ""7500 rpm"", ""Max Torque"": ""460.0 Nm @ 700 rpm"", ""Drive System"": ""2-Speed Gearbox"", ""Taper"": ""CT or BT 50"", ""Bearing Lubrication"": ""Air / Oil Injection"", ""Cooling"": ""Liquid Cooled""}","{""Length"": ""1372 mm"", ""Width"": ""610 mm"", ""T-Slot Width"": ""15.90 mm to 16.00 mm"", ""T-Slot Center Distance"": ""80 mm"", ""Number of Std T-Slots"": ""7"", ""Max Weight on Table (evenly distributed)"": ""1814 kg""}","{""Max Cutting"": ""12.7 m/min"", ""Rapids on X"": ""18.0 m/min"", ""Rapids on Y"": ""18.0 m/min"", ""Rapids on Z"": ""18.0 m/min""}","{""Max Thrust X"": ""15124 N"", ""Max Thrust Y"": ""18238 N"", ""Max Thrust Z"": ""24910 N""}","{""Type"": ""SMTC"", ""Capacity"": ""30+1"", ""Max Tool Diameter (full)"": ""102 mm"", ""Max Tool Diameter (adjacent empty)"": ""178 mm"", ""Max Tool Length (from gage line)"": ""406 mm"", ""Max Tool Weight"": ""13.6 kg"", ""Tool-to-Tool (avg)"": ""4.20 s"", ""Chip-to-Chip (avg)"": ""6.30 s""}","{""Coolant Capacity"": ""208 L""}","{""Air Required\u2020"": ""113 L/min @ 6.9 bar"", ""Inline Air Hose"": ""3/8 in"", ""Coupler (Air)"": ""3/8 in"", ""Air Pressure Min"": ""5.5 bar""}","{""Spindle Speed"": ""7500 rpm"", ""Drive System"": ""2-Speed Gearbox"", ""Spindle Power"": ""22.4 kW"", ""Input AC Voltage (3 Phase) - Low"": ""220 VAC"", ""Full Load Amps (3 Phase) - Low"": ""70 A"", ""Input AC Voltage (3 Phase) - High*"": ""440 VAC"", ""Full Load Amps (3 Phase) - High*"": ""35 A""}","{""Domestic Pallet"": ""397 cm x 260 cm x 307 cm"", ""Export Crate"": ""397 cm x 260 cm x 323 cm"", ""Weight"": ""7485.0 kg""}",{}
11,VF-4,"CNC Vertical Mill with 50"" x 20"" x 25"" travels",/machines/vertical-mills/vf-series/models/medium/vf-4.html,"{'USD': '391995.0', 'EUR': '356395.0', 'GBP': '301395.0', 'CHF': '432995.0', 'CNY': '3582888.0'}","{""X Axis"": ""1270 mm"", ""Y Axis"": ""508 mm"", ""Z Axis"": ""635 mm"", ""Spindle Nose to Table (~ max)"": ""742 mm"", ""Spindle Nose to Table (~ min)"": ""107 mm""}","{""Max Rating"": ""22.4 kW"", ""Max Speed"": ""8100 rpm"", ""Max Torque"": ""122.0 Nm @ 2000 rpm"", ""Max Torque w/opt Gearbox"": ""339 Nm @ 450 rpm"", ""Drive System"": ""Inline Direct-Drive"", ""Taper"": ""CT40 | BT40 | HSK-A63"", ""Bearing Lubrication"": ""Air / Oil Injection"", ""Cooling"": ""Liquid Cooled""}","{""Length"": ""1321 mm"", ""Width"": ""495 mm"", ""T-Slot Width"": ""15.90 mm to 16.00 mm"", ""T-Slot Center Distance"": ""80 mm"", ""Number of Std T-Slots"": ""5"", ""Max Weight on Table (evenly distributed)"": ""1588 kg""}","{""Max Cutting"": ""16.5 m/min"", ""Rapids on X"": ""25.4 m/min"", ""Rapids on Y"": ""25.4 m/min"", ""Rapids on Z"": ""25.4 m/min""}","{""Max Thrust X"": ""11343 N"", ""Max Thrust Y"": ""11343 N"", ""Max Thrust Z"": ""18683 N""}","{""Type"": ""Carousel"", ""Capacity"": ""20"", ""Max Tool Diameter (full)"": ""89 mm"", ""Max Tool Weight"": ""5.4 kg"", ""Tool-to-Tool (avg)"": ""4.20 s"", ""Chip-to-Chip (avg)"": ""4.50 s""}","{""Coolant Capacity"": ""208 L""}","{""Air Required\u2020"": ""113 L/min @ 6.9 bar"", ""Inline Air Hose"": ""3/8 in"", ""Coupler (Air)"": ""3/8 in"", ""Air Pressure Min"": ""5.5 bar""}","{""Spindle Speed"": ""8100 rpm"", ""Drive System"": ""Inline Direct-Drive"", ""Spindle Power"": ""22.4 kW"", ""Input AC Voltage (3 Phase) - Low"": ""220 VAC"", ""Full Load Amps (3 Phase) - Low"": ""70 A"", ""Input AC Voltage (3 Phase) - High*"": ""440 VAC"", ""Full Load Amps (3 Phase) - High*"": ""35 A""}","{""Domestic Pallet"": ""387 cm x 251 cm x 269 cm"", ""Export Pallet"": ""333 cm x 233 cm x 257 cm"", ""Weight"": ""5316.0 kg"", ""Domestic Pallet w/Conveyor"": ""387 cm x 251 cm x 269 cm"", ""Export Pallet w/Conveyor"": ""389 cm x 233 cm x 257 cm"", ""Weight w/Conveyor"": ""6260 kg"", ""Domestic Pallet w/50+1 SMTC"": ""387 cm x 251 cm x 310 cm"", ""Export Pallet w/50+1 SMTC"": ""389 cm x 233 cm x 257 cm"", ""Weight w/50+1 SMTC"": ""6260 kg"", ""Domestic Pallet w/Conveyor & 50+1 SMTC"": ""387 cm x 251 cm x 310 cm"", ""Export Pallet w/Conveyor & 50+1 SMTC"": ""389 cm x 233 cm x 257 cm"", ""Domestic Pallet w/70+1 SMTC"": ""386 cm x 251 cm x 342 cm"", ""Export Crate w/70+1 SMTC"": ""386 cm x 258 cm x 359 cm"", ""Weight w/70+1 SMTC"": ""6,278.0 kg"", ""Export Crate w/Conveyor & 70+1 SMTC"": ""420 cm x 258 cm x 361 cm"", ""Weight w/Conveyor & 70+1 SMTC"": ""6,568.0 kg"", ""Pallet 1, Pallet Pool"": ""565 cm x 232 cm x 252 cm"", ""Pallet 2, Pallet Pool"": ""351 cm x 232 cm x 128 cm"", ""Weight w/Conveyor & 50+1 SMTC"": ""6260 kg"", ""Weight Pallet 2, Pallet Pool"": ""653 kg"", ""Weight Pallet 1, Pallet Pool"": ""2,204 kg""}",{}
12,VF-4SS,"Super-Speed CNC Vertical Mill with 50"" x 20"" x 25"" travels",/machines/vertical-mills/vf-series/models/medium/vf-4ss.html,"{'USD': '391995.0', 'EUR': '356395.0', 'GBP': '301395.0', 'CHF': '432995.0', 'CNY': '3582888.0'}","{""X Axis"": ""1270 mm"", ""Y Axis"": ""508 mm"", ""Z Axis"": ""635 mm"", ""Spindle Nose to Table (~ max)"": ""742 mm"", ""Spindle Nose to Table (~ min)"": ""107 mm""}","{""Max Rating"": ""22.4 kW"", ""Max Speed"": ""12000 rpm"", ""Max Torque"": ""122.0 Nm @ 2000 rpm"", ""Drive System"": ""Inline Direct-Drive"", ""Taper"": ""CT40 | BT40 | HSK-A63"", ""Bearing Lubrication"": ""Air / Oil Injection"", ""Cooling"": ""Liquid Cooled""}","{""Length"": ""1321 mm"", ""Width"": ""495 mm"", ""T-Slot Width"": ""15.90 mm to 16.00 mm"", ""T-Slot Center Distance"": ""80 mm"", ""Number of Std T-Slots"": ""5"", ""Max Weight on Table (evenly distributed)"": ""794 kg""}","{""Max Cutting"": ""21.2 m/min"", ""Rapids on X"": ""35.6 m/min"", ""Rapids on Y"": ""35.6 m/min"", ""Rapids on Z"": ""35.6 m/min""}","{""Max Thrust X"": ""13723 N"", ""Max Thrust Y"": ""13723 N"", ""Max Thrust Z"": ""17459 N""}","{""Type"": ""SMTC"", ""Capacity"": ""30+1"", ""Max Tool Diameter (full)"": ""64 mm"", ""Max Tool Diameter (adjacent empty)"": ""127 mm"", ""Max Tool Length (from gage line)"": ""330 mm"", ""Max Tool Weight"": ""5.4 kg"", ""Tool-to-Tool (avg)"": ""1.80 s"", ""Chip-to-Chip (avg)"": ""2.40 s""}","{""Coolant Capacity"": ""208 L""}","{""Air Required\u2020"": ""113 L/min @ 6.9 bar"", ""Inline Air Hose"": ""3/8 in"", ""Coupler (Air)"": ""3/8 in"", ""Air Pressure Min"": ""5.5 bar""}","{""Spindle Speed"": ""12000 rpm"", ""Drive System"": ""Inline Direct-Drive"", ""Spindle Power"": ""22.4 kW"", ""Input AC Voltage (3 Phase) - Low"": ""220 VAC"", ""Full Load Amps (3 Phase) - Low"": ""70 A"", ""Input AC Voltage (3 Phase) - High*"": ""440 VAC"", ""Full Load Amps (3 Phase) - High*"": ""35 A""}","{""Domestic Pallet"": ""387 cm x 251 cm x 269 cm"", ""Export Pallet"": ""333 cm x 233 cm x 257 cm"", ""Weight"": ""6124.0 kg"", ""Domestic Pallet w/Conveyor"": ""387 cm x 260 cm x 277 cm"", ""Export Pallet w/Conveyor"": ""389 cm x 233 cm x 257 cm"", ""Weight w/Conveyor"": ""6260 kg"", ""Domestic Pallet w/50+1 SMTC"": ""387 cm x 251 cm x 310 cm"", ""Export Pallet w/50+1 SMTC"": ""389 cm x 232 cm x 257 cm"", ""Weight w/50+1 SMTC"": ""5525 kg"", ""Domestic Pallet w/Conveyor & 50+1 SMTC"": ""387 cm x 251 cm x 310 cm"", ""Export Pallet w/Conveyor & 50+1 SMTC"": ""389 cm x 233 cm x 257 cm"", ""Domestic Pallet w/70+1 SMTC"": ""386 cm x 252 cm x 342 cm"", ""Export Crate w/70+1 SMTC"": ""386 cm x 258 cm x 359 cm"", ""Weight w/70+1 SMTC"": ""6,278.0 kg"", ""Weight w/Conveyor & 50+1 SMTC"": ""6087 kg""}",{}
13,VF-5/40,"CNC Vertical Mill with 50"" x 26"" x 25"" travels",/machines/vertical-mills/vf-series/models/medium/vf-5-40.html,"{'USD': '391995.0', 'EUR': '356395.0', 'GBP': '301395.0', 'CHF': '432995.0', 'CNY': '3582888.0'}","{""X Axis"": ""1270 mm"", ""Y Axis"": ""660 mm"", ""Z Axis"": ""635 mm"", ""Spindle Nose to Table (~ max)"": ""742 mm"", ""Spindle Nose to Table (~ min)"": ""107 mm""}","{""Max Rating"": ""22.4 kW"", ""Max Speed"": ""8100 rpm"", ""Max Torque"": ""122.0 Nm @ 2000 rpm"", ""Max Torque w/opt Gearbox"": ""339 Nm @ 450 rpm"", ""Drive System"": ""Inline Direct-Drive"", ""Taper"": ""CT40 | BT40 | HSK-A63"", ""Bearing Lubrication"": ""Air / Oil Injection"", ""Cooling"": ""Liquid Cooled""}","{""Length"": ""1372 mm"", ""Width"": ""610 mm"", ""T-Slot Width"": ""15.90 mm to 16.00 mm"", ""T-Slot Center Distance"": ""80 mm"", ""Number of Std T-Slots"": ""7"", ""Max Weight on Table (evenly distributed)"": ""1814 kg""}","{""Max Cutting"": ""12.7 m/min"", ""Rapids on X"": ""18.0 m/min"", ""Rapids on Y"": ""18.0 m/min"", ""Rapids on Z"": ""18.0 m/min""}","{""Max Thrust X"": ""11343 N"", ""Max Thrust Y"": ""18238 N"", ""Max Thrust Z"": ""18238 N""}","{""Type"": ""Carousel"", ""Capacity"": ""20"", ""Max Tool Diameter (full)"": ""89 mm"", ""Max Tool Weight"": ""5.4 kg"", ""Tool-to-Tool (avg)"": ""4.20 s"", ""Chip-to-Chip (avg)"": ""4.50 s""}","{""Coolant Capacity"": ""360 L""}","{""Air Required\u2020"": ""113 L/min @ 6.9 bar"", ""Inline Air Hose"": ""3/8 in"", ""Coupler (Air)"": ""3/8 in"", ""Air Pressure Min"": ""5.5 bar""}","{""Spindle Speed"": ""8100 rpm"", ""Drive System"": ""Inline Direct-Drive"", ""Spindle Power"": ""22.4 kW"", ""Input AC Voltage (3 Phase) - Low"": ""220 VAC"", ""Full Load Amps (3 Phase) - Low"": ""70 A"", ""Input AC Voltage (3 Phase) - High*"": ""440 VAC"", ""Full Load Amps (3 Phase) - High*"": ""35 A""}","{""Domestic Pallet"": ""427 cm x 258 cm x 277 cm"", ""Export Pallet"": ""417 cm x 233 cm x 257 cm"", ""Weight"": ""5761.0 kg"", ""Domestic Pallet w/50+1 SMTC"": ""427 cm x 260 cm x 310 cm"", ""Export Pallet w/50+1 SMTC"": ""417 cm x 233 cm x 257 cm"", ""Weight w/50+1 SMTC"": ""5761 kg""}",{}
14,VF-5/40TR,"Trunnion CNC Vertical Mill with 50"" x 26"" x 25"" travels",/machines/vertical-mills/vf-series/models/medium/vf-5-40tr.html,"{'USD': '391995.0', 'EUR': '356395.0', 'GBP': '301395.0', 'CHF': '432995.0', 'CNY': '3582888.0'}","{""X Axis"": ""1270 mm"", ""Y Axis"": ""660 mm"", ""Z Axis"": ""635 mm"", ""A Axis - Tilt"": ""\u00b1 120 \u00b0"", ""B Axis - Rotation"": ""360 \u00b0"", ""Spindle Nose to Platter (~ max)"": ""437 mm"", ""Spindle Nose to Table (~ max)"": ""742 mm"", ""Spindle Nose to Platter (~ min)"": ""198- mm"", ""Spindle Nose to Table (~ min)"": ""107 mm""}","{""Max Rating"": ""22.4 kW"", ""Max Speed"": ""8100 rpm"", ""Max Torque"": ""122.0 Nm @ 2000 rpm"", ""Max Torque w/opt Gearbox"": ""339 Nm @ 450 rpm"", ""Drive System"": ""Inline Direct-Drive"", ""Taper"": ""CT40 | BT40 | HSK-A63""}","{""Length"": ""1372 mm"", ""Width"": ""610 mm"", ""T-Slot Width"": ""15.90 mm to 16.00 mm"", ""T-Slot Center Distance"": ""80 mm"", ""Number of Std T-Slots"": ""7"", ""Max Weight on Table (evenly distributed)"": ""1814 kg""}","{""Max Cutting"": ""12.7 m/min"", ""Rapids on X"": ""18.0 m/min"", ""Rapids on Y"": ""18.0 m/min"", ""Rapids on Z"": ""18.0 m/min""}","{""Max Thrust X"": ""11343 N"", ""Max Thrust Y"": ""18238 N"", ""Max Thrust Z"": ""18238 N""}","{""Type"": ""SMTC"", ""Capacity"": ""30+1"", ""Max Tool Diameter (full)"": ""64 mm"", ""Max Tool Diameter (adjacent empty)"": ""127 mm"", ""Max Tool Length (from gage line)"": ""406 mm"", ""Max Tool Weight"": ""5.4 kg"", ""Tool-to-Tool (avg)"": ""2.80 s"", ""Chip-to-Chip (avg)"": ""3.60 s""}","{""Coolant Capacity"": ""360 L""}","{""Air Required\u2020"": ""113 L/min @ 6.9 bar""}","{""Spindle Speed"": ""8100 rpm"", ""Drive System"": ""Inline Direct-Drive"", ""Spindle Power"": ""22.4 kW"", ""Input AC Voltage (3 Phase) - Low"": ""220 VAC"", ""Full Load Amps (3 Phase) - Low"": ""70 A"", ""Input AC Voltage (3 Phase) - High*"": ""440 VAC"", ""Full Load Amps (3 Phase) - High*"": ""35 A""}","{""Domestic Pallet"": ""427 cm x 257 cm x 277 cm"", ""Export Pallet"": ""417 cm x 233 cm x 257 cm"", ""Weight"": ""5761.0 kg"", ""Domestic Pallet w/50+1 SMTC"": ""427 cm x 260 cm x 323 cm"", ""Export Pallet w/50+1 SMTC"": ""417 cm x 233 cm x 257 cm"", ""Weight w/50+1 SMTC"": ""7308 kg""}","{""Platter Diameter"": ""210 mm"", ""Max Weight on Platter"": ""90.7 kg"", ""Max Part Swing (reduced at tilt angles > \u00b1 90\u00b0)"": ""597 mm"", ""T-Slot Width"": ""16 mm"", ""Number of Std T-Slots"": ""6"", ""Pilot Bore Depth"": ""124.5 mm"", ""Rapids on A"": ""60 \u00b0/sec"", ""Rapids on B"": ""60 \u00b0/sec"", ""Max Cutting A"": ""33 \u00b0/sec"", ""Max Cutting B"": ""33 \u00b0/sec""}"
15,VF-5SS,"Super-Speed CNC Vertical Mill with 50"" x 26"" x 25"" travels",/machines/vertical-mills/vf-series/models/medium/vf-5ss.html,"{'USD': '391995.0', 'EUR': '356395.0', 'GBP': '301395.0', 'CHF': '432995.0', 'CNY': '3582888.0'}","{""X Axis"": ""1270 mm"", ""Y Axis"": ""660 mm"", ""Z Axis"": ""635 mm"", ""Spindle Nose to Table (~ max)"": ""742 mm"", ""Spindle Nose to Table (~ min)"": ""107 mm""}","{""Max Rating"": ""22.4 kW"", ""Max Speed"": ""12000 rpm"", ""Max Torque"": ""122.0 Nm @ 2000 rpm"", ""Drive System"": ""Inline Direct-Drive"", ""Taper"": ""CT40 | BT40 | HSK-A63"", ""Bearing Lubrication"": ""Air / Oil Injection"", ""Cooling"": ""Liquid Cooled""}","{""Length"": ""1372 mm"", ""Width"": ""610 mm"", ""T-Slot Width"": ""15.90 mm to 16.00 mm"", ""T-Slot Center Distance"": ""80 mm"", ""Number of Std T-Slots"": ""7"", ""Max Weight on Table (evenly distributed)"": ""794 kg""}","{""Max Cutting"": ""21.2 m/min"", ""Rapids on X"": ""30.5 m/min"", ""Rapids on Y"": ""30.5 m/min"", ""Rapids on Z"": ""30.5 m/min""}","{""Max Thrust X"": ""14902 N"", ""Max Thrust Y"": ""14902 N"", ""Max Thrust Z"": ""14902 N""}","{""Type"": ""SMTC"", ""Capacity"": ""30+1"", ""Max Tool Diameter (full)"": ""64 mm"", ""Max Tool Diameter (adjacent empty)"": ""127 mm"", ""Max Tool Length (from gage line)"": ""406 mm"", ""Max Tool Weight"": ""5.4 kg"", ""Tool-to-Tool (avg)"": ""1.80 s"", ""Chip-to-Chip (avg)"": ""2.40 s""}","{""Coolant Capacity"": ""360 L""}","{""Air Required\u2020"": ""113 L/min @ 6.9 bar"", ""Inline Air Hose"": ""3/8 in"", ""Coupler (Air)"": ""3/8 in"", ""Air Pressure Min"": ""5.5 bar""}","{""Spindle Speed"": ""12000 rpm"", ""Drive System"": ""Inline Direct-Drive"", ""Spindle Power"": ""22.4 kW"", ""Input AC Voltage (3 Phase) - Low"": ""220 VAC"", ""Full Load Amps (3 Phase) - Low"": ""70 A"", ""Input AC Voltage (3 Phase) - High*"": ""440 VAC"", ""Full Load Amps (3 Phase) - High*"": ""35 A""}","{""Domestic Pallet"": ""427 cm x 258 cm x 277 cm"", ""Export Pallet"": ""417 cm x 233 cm x 257 cm"", ""Weight"": ""5761.0 kg"", ""Domestic Pallet w/50+1 SMTC"": ""427 cm x 260 cm x 310 cm"", ""Export Pallet w/50+1 SMTC"": ""417 cm x 233 cm x 257 cm"", ""Weight w/50+1 SMTC"": ""5761 kg""}",{}
16,VF-5/40XT,"CNC Vertical Mill with 60"" x 26"" x 25"" travels",/machines/vertical-mills/vf-series/models/medium/vf-5-40xt.html,"{'USD': '391995.0', 'EUR': '356395.0', 'GBP': '301395.0', 'CHF': '432995.0', 'CNY': '3582888.0'}","{""X Axis"": ""1524 mm"", ""Y Axis"": ""660 mm"", ""Z Axis"": ""635 mm"", ""Spindle Nose to Table (~ max)"": ""742 mm"", ""Spindle Nose to Table (~ min)"": ""107 mm""}","{""Max Rating"": ""22.4 kW"", ""Max Speed"": ""8100 rpm"", ""Max Torque"": ""122.0 Nm @ 2000 rpm"", ""Max Torque w/opt Gearbox"": ""339 Nm @ 450 rpm"", ""Drive System"": ""Inline Direct-Drive"", ""Taper"": ""CT40 | BT40 | HSK-A63"", ""Bearing Lubrication"": ""Air / Oil Injection"", ""Cooling"": ""Liquid Cooled""}","{""Length"": ""1575 mm"", ""Width"": ""584 mm"", ""T-Slot Width"": ""15.90 mm to 16.00 mm"", ""T-Slot Center Distance"": ""80 mm"", ""Number of Std T-Slots"": ""7"", ""Max Weight on Table (evenly distributed)"": ""1814 kg""}","{""Max Cutting"": ""12.7 m/min"", ""Rapids on X"": ""18.0 m/min"", ""Rapids on Y"": ""18.0 m/min"", ""Rapids on Z"": ""18.0 m/min""}","{""Max Thrust X"": ""15124 N"", ""Max Thrust Y"": ""18238 N"", ""Max Thrust Z"": ""18238 N""}","{""Type"": ""Carousel"", ""Capacity"": ""20"", ""Max Tool Diameter (full)"": ""89 mm"", ""Max Tool Weight"": ""5.4 kg"", ""Tool-to-Tool (avg)"": ""4.20 s"", ""Chip-to-Chip (avg)"": ""4.50 s""}","{""Coolant Capacity"": ""360 L""}","{""Air Required\u2020"": ""113 L/min @ 6.9 bar"", ""Inline Air Hose"": ""3/8 in"", ""Coupler (Air)"": ""3/8 in"", ""Air Pressure Min"": ""5.5 bar""}","{""Spindle Speed"": ""8100 rpm"", ""Drive System"": ""Inline Direct-Drive"", ""Spindle Power"": ""22.4 kW"", ""Input AC Voltage (3 Phase) - Low"": ""220 VAC"", ""Full Load Amps (3 Phase) - Low"": ""70 A"", ""Input AC Voltage (3 Phase) - High*"": ""440 VAC"", ""Full Load Amps (3 Phase) - High*"": ""35 A""}","{""Domestic Pallet"": ""427 cm x 259 cm x 287 cm"", ""Export Crate"": ""427 cm x 259 cm x 318 cm"", ""Weight"": ""7100.0 kg"", ""Domestic Pallet w/50+1 SMTC"": ""427 cm x 260 cm x 323 cm"", ""Export Pallet w/50+1 SMTC"": ""417 cm x 233 cm x 257 cm"", ""Weight w/50+1 SMTC"": ""7308 kg""}",{}
17,VF-5/50,"CNC Vertical Mill with 50"" x 26"" x 25"" travels",/machines/vertical-mills/vf-series/models/medium/vf-5-50.html,"{'USD': '391995.0', 'EUR': '356395.0', 'GBP': '301395.0', 'CHF': '432995.0', 'CNY': '3582888.0'}","{""X Axis"": ""1270 mm"", ""Y Axis"": ""660 mm"", ""Z Axis"": ""635 mm"", ""Spindle Nose to Table (~ max)"": ""836 mm"", ""Spindle Nose to Table (~ min)"": ""201 mm""}","{""Max Rating"": ""22.4 kW"", ""Max Speed"": ""7500 rpm"", ""Max Torque"": ""460.0 Nm @ 700 rpm"", ""Drive System"": ""2-Speed Gearbox"", ""Taper"": ""CT or BT 50"", ""Bearing Lubrication"": ""Air / Oil Injection"", ""Cooling"": ""Liquid Cooled""}","{""Length"": ""1372 mm"", ""Width"": ""610 mm"", ""T-Slot Width"": ""15.90 mm to 16.00 mm"", ""T-Slot Center Distance"": ""80 mm"", ""Number of Std T-Slots"": ""7"", ""Max Weight on Table (evenly distributed)"": ""1814 kg""}","{""Max Cutting"": ""12.7 m/min"", ""Rapids on X"": ""18.0 m/min"", ""Rapids on Y"": ""18.0 m/min"", ""Rapids on Z"": ""18.0 m/min""}","{""Max Thrust X"": ""15124 N"", ""Max Thrust Y"": ""18238 N"", ""Max Thrust Z"": ""24910 N""}","{""Type"": ""SMTC"", ""Capacity"": ""30+1"", ""Max Tool Diameter (full)"": ""102 mm"", ""Max Tool Diameter (adjacent empty)"": ""178 mm"", ""Max Tool Length (from gage line)"": ""406 mm"", ""Max Tool Weight"": ""13.6 kg"", ""Tool-to-Tool (avg)"": ""4.20 s"", ""Chip-to-Chip (avg)"": ""6.30 s""}","{""Coolant Capacity"": ""360 L""}","{""Air Required\u2020"": ""113 L/min @ 6.9 bar"", ""Inline Air Hose"": ""3/8 in"", ""Coupler (Air)"": ""3/8 in"", ""Air Pressure Min"": ""5.5 bar""}","{""Spindle Speed"": ""7500 rpm"", ""Drive System"": ""2-Speed Gearbox"", ""Spindle Power"": ""22.4 kW"", ""Input AC Voltage (3 Phase) - Low"": ""220 VAC"", ""Full Load Amps (3 Phase) - Low"": ""70 A"", ""Input AC Voltage (3 Phase) - High*"": ""440 VAC"", ""Full Load Amps (3 Phase) - High*"": ""35 A""}","{""Domestic Pallet"": ""427 cm x 260 cm x 310 cm"", ""Export Crate"": ""427 cm x 260 cm x 331 cm"", ""Weight"": ""7371.0 kg""}",{}
18,VF-5/50TR,"Trunnion CNC Vertical Mill with 50"" x 26"" x 25"" travels",/machines/vertical-mills/vf-series/models/medium/vf-5-50tr.html,"{'USD': '391995.0', 'EUR': '356395.0', 'GBP': '301395.0', 'CHF': '432995.0', 'CNY': '3582888.0'}","{""X Axis"": ""1270 mm"", ""Y Axis"": ""660 mm"", ""Z Axis"": ""635 mm"", ""A Axis - Tilt"": ""\u00b1 120 \u00b0"", ""B Axis - Rotation"": ""360 \u00b0"", ""Spindle Nose to Platter (~ max)"": ""531 mm"", ""Spindle Nose to Table (~ max)"": ""836 mm"", ""Spindle Nose to Platter (~ min)"": ""104 mm"", ""Spindle Nose to Table (~ min)"": ""107 mm""}","{""Max Rating"": ""22.4 kW"", ""Max Speed"": ""7500 rpm"", ""Max Torque"": ""460.0 Nm @ 700 rpm"", ""Drive System"": ""2-Speed Gearbox"", ""Taper"": ""CT or BT 50""}","{""Length"": ""1374 mm"", ""Length (Work Area)"": ""610 mm"", ""T-Slot Width"": ""15.90 mm to 16.00 mm"", ""T-Slot Center Distance"": ""80 mm"", ""Number of Std T-Slots"": ""7"", ""Max Weight on Table (evenly distributed)"": ""1814 kg""}","{""Max Cutting"": ""12.7 m/min"", ""Rapids on X"": ""18.0 m/min"", ""Rapids on Y"": ""18.0 m/min"", ""Rapids on Z"": ""18.0 m/min""}","{""Max Thrust X"": ""15124 N"", ""Max Thrust Y"": ""18238 N"", ""Max Thrust Z"": ""24910 N""}","{""Type"": ""SMTC"", ""Capacity"": ""30+1"", ""Max Tool Diameter (full)"": ""102 mm"", ""Max Tool Diameter (adjacent empty)"": ""178 mm"", ""Max Tool Length (from gage line)"": ""406 mm"", ""Max Tool Weight"": ""13.6 kg"", ""Tool-to-Tool (avg)"": ""4.20 s"", ""Chip-to-Chip (avg)"": ""6.30 s""}","{""Coolant Capacity"": ""360 L""}","{""Air Required\u2020"": ""113 L/min @ 6.9 bar"", ""Inline Air Hose"": ""3/8 in"", ""Coupler (Air)"": ""3/8 in"", ""Air Pressure Min"": ""5.5 bar""}","{""Spindle Speed"": ""7500 rpm"", ""Drive System"": ""2-Speed Gearbox"", ""Spindle Power"": ""22.4 kW"", ""Input AC Voltage (3 Phase) - Low"": ""220 VAC"", ""Full Load Amps (3 Phase) - Low"": ""70 A"", ""Input AC Voltage (3 Phase) - High*"": ""440 VAC"", ""Full Load Amps (3 Phase) - High*"": ""35 A""}","{""Domestic Pallet"": ""427 cm x 260 cm x 318 cm"", ""Export Crate"": ""427 cm x 260 cm x 331 cm"", ""Weight"": ""7371.0 kg""}","{""Platter Diameter"": ""210 mm"", ""Max Weight on Platter"": ""90.7 kg"", ""Max Part Swing (reduced at tilt angles > \u00b1 90\u00b0)"": ""597 mm"", ""T-Slot Width"": ""16 mm"", ""Number of Std T-Slots"": ""6"", ""Pilot Bore Depth"": ""124.5 mm"", ""Rapids on A"": ""60 \u00b0/sec"", ""Rapids on B"": ""60 \u00b0/sec"", ""Max Cutting A"": ""33 \u00b0/sec"", ""Max Cutting B"": ""33 \u00b0/sec""}"
19,VF-5/50XT,"CNC Vertical Mill with 60"" x 26"" x 25"" travels",/machines/vertical-mills/vf-series/models/medium/vf-5-50xt.html,"{'USD': '391995.0', 'EUR': '356395.0', 'GBP': '301395.0', 'CHF': '432995.0', 'CNY': '3582888.0'}","{""X Axis"": ""1524 mm"", ""Y Axis"": ""660 mm"", ""Z Axis"": ""635 mm"", ""Spindle Nose to Table (~ max)"": ""836 mm"", ""Spindle Nose to Table (~ min)"": ""201 mm""}","{""Max Rating"": ""22.4 kW"", ""Max Speed"": ""7500 rpm"", ""Max Torque"": ""460.0 Nm @ 700 rpm"", ""Drive System"": ""2-Speed Gearbox"", ""Taper"": ""CT or BT 50""}","{""Length"": ""1575 mm"", ""Width"": ""584 mm"", ""T-Slot Width"": ""15.90 mm to 16.00 mm"", ""T-Slot Center Distance"": ""80 mm"", ""Number of Std T-Slots"": ""7"", ""Max Weight on Table (evenly distributed)"": ""1814 kg""}","{""Max Cutting"": ""12.7 m/min"", ""Rapids on X"": ""18.0 m/min"", ""Rapids on Y"": ""18.0 m/min"", ""Rapids on Z"": ""18.0 m/min""}","{""Max Thrust X"": ""15124 N"", ""Max Thrust Y"": ""18238 N"", ""Max Thrust Z"": ""24910 N""}","{""Type"": ""SMTC"", ""Capacity"": ""30+1"", ""Max Tool Diameter (full)"": ""102 mm"", ""Max Tool Diameter (adjacent empty)"": ""178 mm"", ""Max Tool Length (from gage line)"": ""406 mm"", ""Max Tool Weight"": ""13.6 kg"", ""Tool-to-Tool (avg)"": ""4.20 s"", ""Chip-to-Chip (avg)"": ""6.30 s""}","{""Coolant Capacity"": ""360 L""}","{""Air Required\u2020"": ""113 L/min @ 6.9 bar"", ""Inline Air Hose"": ""3/8 in"", ""Coupler (Air)"": ""3/8 in"", ""Air Pressure Min"": ""5.5 bar""}","{""Spindle Speed"": ""7500 rpm"", ""Drive System"": ""2-Speed Gearbox"", ""Spindle Power"": ""22.4 kW"", ""Input AC Voltage (3 Phase) - Low"": ""220 VAC"", ""Full Load Amps (3 Phase) - Low"": ""70 A"", ""Input AC Voltage (3 Phase) - High*"": ""440 VAC"", ""Full Load Amps (3 Phase) - High*"": ""35 A""}","{""Domestic Pallet"": ""427 cm x 260 cm x 318 cm"", ""Export Crate"": ""427 cm x 260 cm x 331 cm"", ""Weight"": ""7371.0 kg""}",{}
20,VF-6/40,"CNC Vertical Mill with 64"" x 32"" x 30"" travels",/machines/vertical-mills/vf-series/models/large/vf-6-40.html,"{'USD': '391995.0', 'EUR': '356395.0', 'GBP': '301395.0', 'CHF': '432995.0', 'CNY': '3582888.0'}","{""X Axis"": ""1626 mm"", ""Y Axis"": ""813 mm"", ""Z Axis"": ""762 mm"", ""Spindle Nose to Table (~ max)"": ""864 mm"", ""Spindle Nose to Table (~ min)"": ""102 mm""}","{""Max Rating"": ""22.4 kW"", ""Max Speed"": ""8100 rpm"", ""Max Torque"": ""122.0 Nm @ 2000 rpm"", ""Max Torque w/opt Gearbox"": ""339 Nm @ 450 rpm"", ""Drive System"": ""Inline Direct-Drive"", ""Taper"": ""CT40 | BT40 | HSK-A63"", ""Bearing Lubrication"": ""Air / Oil Injection"", ""Cooling"": ""Liquid Cooled""}","{""Length"": ""1626 mm"", ""Width"": ""711 mm"", ""T-Slot Width"": ""15.90 mm to 16.00 mm"", ""T-Slot Center Distance"": ""125 mm"", ""Number of Std T-Slots"": ""5"", ""Max Weight on Table (evenly distributed)"": ""1814 kg""}","{""Max Cutting"": ""12.7 m/min"", ""Rapids on X"": ""15.2 m/min"", ""Rapids on Y"": ""15.2 m/min"", ""Rapids on Z"": ""15.2 m/min""}","{""Max Thrust X"": ""15124 N"", ""Max Thrust Y"": ""15124 N"", ""Max Thrust Z"": ""24910 N""}","{""Type"": ""SMTC"", ""Capacity"": ""30+1"", ""Max Tool Diameter (full)"": ""64 mm"", ""Max Tool Diameter (adjacent empty)"": ""127 mm"", ""Max Tool Length (from gage line)"": ""406 mm"", ""Max Tool Weight"": ""5.4 kg"", ""Tool-to-Tool (avg)"": ""2.80 s"", ""Chip-to-Chip (avg)"": ""3.60 s""}","{""Coolant Capacity"": ""360 L""}","{""Air Required\u2020"": ""113 L/min @ 6.9 bar"", ""Inline Air Hose"": ""3/8 in"", ""Coupler (Air)"": ""3/8 in"", ""Air Pressure Min"": ""5.5 bar""}","{""Spindle Speed"": ""8100 rpm"", ""Drive System"": ""Inline Direct-Drive"", ""Spindle Power"": ""22.4 kW"", ""Input AC Voltage (3 Phase) - Low"": ""220 VAC"", ""Full Load Amps (3 Phase) - Low"": ""70 A"", ""Input AC Voltage (3 Phase) - High*"": ""440 VAC"", ""Full Load Amps (3 Phase) - High*"": ""35 A""}","{""Domestic Pallet"": ""496 cm x 260 cm x 326 cm"", ""Export Crate"": ""496 cm x 268 cm x 331 cm"", ""Weight"": ""10116.0 kg"", ""Domestic Pallet w/EC Option"": ""496 cm x 260 cm x 351 cm"", ""Export Crate w/EC Option"": ""496 cm x 268 cm x 352 cm"", ""Weight w/EC Option"": ""10252 kg"", ""Domestic Pallet w/50+1 SMTC"": ""496 cm x 260 cm x 338 cm"", ""Export Crate w/50+1 SMTC"": ""496 cm x 268 cm x 344 cm"", ""Weight w/50+1 SMTC"": ""10116 kg"", ""Domestic Pallet w/EC Option & 50+1 SMTC"": ""496 cm x 260 cm x 358 cm"", ""Export Crate w/EC Option & 50+1 SMTC"": ""496 cm x 268 cm x 363 cm"", ""Weight w/EC Option & 50+1 SMTC"": ""10252 kg""}",{}
21,VF-6SS,"Super-Speed CNC Vertical Mill with 64"" x 32"" x 30"" travels",/machines/vertical-mills/vf-series/models/large/vf-6ss.html,"{'USD': '391995.0', 'EUR': '356395.0', 'GBP': '301395.0', 'CHF': '432995.0', 'CNY': '3582888.0'}","{""X Axis"": ""1626 mm"", ""Y Axis"": ""813 mm"", ""Z Axis"": ""762 mm"", ""Spindle Nose to Table (~ max)"": ""864 mm"", ""Spindle Nose to Table (~ min)"": ""102 mm""}","{""Max Rating"": ""22.4 kW"", ""Max Speed"": ""12000 rpm"", ""Max Torque"": ""122.0 Nm @ 2000 rpm"", ""Drive System"": ""Inline Direct-Drive"", ""Taper"": ""CT40 | BT40 | HSK-A63"", ""Bearing Lubrication"": ""Air / Oil Injection"", ""Cooling"": ""Liquid Cooled""}","{""Length"": ""1626 mm"", ""Width"": ""711 mm"", ""T-Slot Width"": ""15.90 mm to 16.00 mm"", ""T-Slot Center Distance"": ""125 mm"", ""Number of Std T-Slots"": ""5"", ""Max Weight on Table (evenly distributed)"": ""907 kg""}","{""Max Cutting"": ""21.2 m/min"", ""Rapids on X"": ""30.5 m/min"", ""Rapids on Y"": ""30.5 m/min"", ""Rapids on Z"": ""30.5 m/min""}","{""Max Thrust X"": ""15124 N"", ""Max Thrust Y"": ""15124 N"", ""Max Thrust Z"": ""15124 N""}","{""Type"": ""SMTC"", ""Capacity"": ""30+1"", ""Max Tool Diameter (full)"": ""64 mm"", ""Max Tool Diameter (adjacent empty)"": ""127 mm"", ""Max Tool Length (from gage line)"": ""406 mm"", ""Max Tool Weight"": ""5.4 kg"", ""Tool-to-Tool (avg)"": ""2.30 s"", ""Chip-to-Chip (avg)"": ""3.20 s""}","{""Coolant Capacity"": ""360 L""}","{""Air Required\u2020"": ""113 L/min @ 6.9 bar"", ""Inline Air Hose"": ""3/8 in"", ""Coupler (Air)"": ""3/8 in"", ""Air Pressure Min"": ""5.5 bar""}","{""Spindle Speed"": ""12000 rpm"", ""Drive System"": ""Inline Direct-Drive"", ""Spindle Power"": ""22.4 kW"", ""Input AC Voltage (3 Phase) - Low"": ""220 VAC"", ""Full Load Amps (3 Phase) - Low"": ""70 A"", ""Input AC Voltage (3 Phase) - High*"": ""440 VAC"", ""Full Load Amps (3 Phase) - High*"": ""35 A""}","{""Domestic Pallet"": ""496 cm x 260 cm x 331 cm"", ""Export Crate"": ""496 cm x 267 cm x 341 cm"", ""Weight"": ""10116.0 kg"", ""Domestic Pallet w/EC Option"": ""496 cm x 260 cm x 351 cm"", ""Export Crate w/EC Option"": ""496 cm x 267 cm x 361 cm"", ""Weight w/EC Option"": ""10252 kg"", ""Domestic Pallet w/50+1 SMTC"": ""496 cm x 260 cm x 343 cm"", ""Export Crate w/50+1 SMTC"": ""496 cm x 269 cm x 345 cm"", ""Weight w/50+1 SMTC"": ""10550 kg"", ""Domestic Pallet w/EC Option & 50+1 SMTC"": ""496 cm x 260 cm x 364 cm"", ""Export Crate w/EC Option & 50+1 SMTC"": ""496 cm x 267 cm x 374 cm"", ""Weight w/EC Option & 50+1 SMTC"": ""10252 kg""}",{}
22,VF-6/40TR,"Trunnion CNC Vertical Mill with 64"" x 32"" x 30"" travels",/machines/vertical-mills/vf-series/models/large/vf-6-40tr.html,"{'USD': '391995.0', 'EUR': '356395.0', 'GBP': '301395.0', 'CHF': '432995.0', 'CNY': '3582888.0'}","{""X Axis"": ""1626 mm"", ""Y Axis"": ""813 mm"", ""Z Axis"": ""762 mm"", ""A Axis - Tilt"": ""\u00b1 120 \u00b0"", ""B Axis - Rotation"": ""360 \u00b0"", ""Spindle Nose to Platter (~ max)"": ""483 mm"", ""Spindle Nose to Table (~ max)"": ""864 mm"", ""Spindle Nose to Platter (~ min)"": ""279- mm"", ""Spindle Nose to Table (~ min)"": ""102 mm""}","{""Max Rating"": ""22.4 kW"", ""Max Speed"": ""8100 rpm"", ""Max Torque"": ""122.0 Nm @ 2000 rpm"", ""Max Torque w/opt Gearbox"": ""339 Nm @ 450 rpm"", ""Drive System"": ""Inline Direct-Drive"", ""Taper"": ""CT40 | BT40 | HSK-A63"", ""Bearing Lubrication"": ""Air / Oil Injection"", ""Cooling"": ""Liquid Cooled""}","{""Length"": ""1626 mm"", ""Width"": ""711 mm"", ""T-Slot Width"": ""15.90 mm to 16.00 mm"", ""T-Slot Center Distance"": ""125 mm"", ""Number of Std T-Slots"": ""5"", ""Max Weight on Table (evenly distributed)"": ""1814 kg""}","{""Max Cutting"": ""12.7 m/min"", ""Rapids on X"": ""15.2 m/min"", ""Rapids on Y"": ""15.2 m/min"", ""Rapids on Z"": ""15.2 m/min""}","{""Max Thrust X"": ""15124 N"", ""Max Thrust Y"": ""15124 N"", ""Max Thrust Z"": ""24910 N""}","{""Type"": ""SMTC"", ""Capacity"": ""30+1"", ""Max Tool Diameter (full)"": ""64 mm"", ""Max Tool Diameter (adjacent empty)"": ""127 mm"", ""Max Tool Length (from gage line)"": ""406 mm"", ""Max Tool Weight"": ""5.4 kg"", ""Tool-to-Tool (avg)"": ""2.80 s"", ""Chip-to-Chip (avg)"": ""3.60 s""}","{""Coolant Capacity"": ""360 L""}","{""Air Required\u2020"": ""113 L/min @ 6.9 bar"", ""Inline Air Hose"": ""3/8 in"", ""Coupler (Air)"": ""3/8 in"", ""Air Pressure Min"": ""5.5 bar""}","{""Spindle Speed"": ""8100 rpm"", ""Drive System"": ""Inline Direct-Drive"", ""Spindle Power"": ""22.4 kW"", ""Input AC Voltage (3 Phase) - Low"": ""220 VAC"", ""Full Load Amps (3 Phase) - Low"": ""70 A"", ""Input AC Voltage (3 Phase) - High*"": ""440 VAC"", ""Full Load Amps (3 Phase) - High*"": ""35 A""}","{""Domestic Pallet"": ""496 cm x 260 cm x 343 cm"", ""Export Crate"": ""496 cm x 268 cm x 352 cm"", ""Weight"": ""11839.0 kg"", ""Domestic Pallet w/EC Option"": ""496 cm x 260 cm x 358 cm"", ""Export Crate w/EC Option"": ""496 cm x 268 cm x 364 cm"", ""Weight w/EC Option"": ""11966 kg""}","{""Platter Diameter"": ""310 mm"", ""Max Weight on Platter"": ""226.8 kg"", ""Max Part Swing (reduced at tilt angles > \u00b1 90\u00b0)"": ""787 mm"", ""T-Slot Width"": ""16 mm"", ""Number of Std T-Slots"": ""6"", ""Rapids on A"": ""50 \u00b0/sec"", ""Rapids on B"": ""50 \u00b0/sec"", ""Max Cutting A"": ""33 \u00b0/sec"", ""Max Cutting B"": ""33 \u00b0/sec""}"
23,VF-6/50,"CNC Vertical Mill with 64"" x 32"" x 30"" travels",/machines/vertical-mills/vf-series/models/large/vf-6-50.html,"{'USD': '391995.0', 'EUR': '356395.0', 'GBP': '301395.0', 'CHF': '432995.0', 'CNY': '3582888.0'}","{""X Axis"": ""1626 mm"", ""Y Axis"": ""813 mm"", ""Z Axis"": ""762 mm"", ""Spindle Nose to Table (~ max)"": ""889 mm"", ""Spindle Nose to Table (~ min)"": ""127 mm""}","{""Max Rating"": ""22.4 kW"", ""Max Speed"": ""7500 rpm"", ""Max Torque"": ""460.0 Nm @ 700 rpm"", ""Drive System"": ""2-Speed Gearbox"", ""Taper"": ""CT or BT 50"", ""Bearing Lubrication"": ""Air / Oil Injection"", ""Cooling"": ""Liquid Cooled""}","{""Length"": ""1626 mm"", ""Width"": ""711 mm"", ""T-Slot Width"": ""15.90 mm to 16.00 mm"", ""T-Slot Center Distance"": ""125 mm"", ""Number of Std T-Slots"": ""5"", ""Max Weight on Table (evenly distributed)"": ""1814 kg""}","{""Max Cutting"": ""12.7 m/min"", ""Rapids on X"": ""15.2 m/min"", ""Rapids on Y"": ""15.2 m/min"", ""Rapids on Z"": ""15.2 m/min""}","{""Max Thrust X"": ""15124 N"", ""Max Thrust Y"": ""18238 N"", ""Max Thrust Z"": ""24910 N""}","{""Type"": ""SMTC"", ""Capacity"": ""30+1"", ""Max Tool Diameter (full)"": ""102 mm"", ""Max Tool Diameter (adjacent empty)"": ""254 mm"", ""Max Tool Length (from gage line)"": ""406 mm"", ""Max Tool Weight"": ""13.6 kg"", ""Tool-to-Tool (avg)"": ""4.20 s"", ""Chip-to-Chip (avg)"": ""6.30 s""}","{""Coolant Capacity"": ""360 L""}","{""Air Required\u2020"": ""113 L/min @ 6.9 bar"", ""Inline Air Hose"": ""3/8 in"", ""Coupler (Air)"": ""3/8 in"", ""Air Pressure Min"": ""5.5 bar""}","{""Spindle Speed"": ""7500 rpm"", ""Drive System"": ""2-Speed Gearbox"", ""Spindle Power"": ""22.4 kW"", ""Input AC Voltage (3 Phase) - Low"": ""220 VAC"", ""Full Load Amps (3 Phase) - Low"": ""70 A"", ""Input AC Voltage (3 Phase) - High*"": ""440 VAC"", ""Full Load Amps (3 Phase) - High*"": ""35 A""}","{""Domestic Pallet"": ""496 cm x 260 cm x 334 cm"", ""Export Crate"": ""496 cm x 268 cm x 339 cm"", ""Weight"": ""11567.0 kg"", ""Domestic Pallet w/EC Option"": ""496 cm x 260 cm x 353 cm"", ""Export Crate w/EC Option"": ""496 cm x 268 cm x 359 cm"", ""Weight w/EC Option"": ""11703 kg""}",{}
24,VF-6/50TR,"Trunnion CNC Vertical Mill with 64"" x 32"" x 30"" travels",/machines/vertical-mills/vf-series/models/large/vf-6-50tr.html,"{'USD': '391995.0', 'EUR': '356395.0', 'GBP': '301395.0', 'CHF': '432995.0', 'CNY': '3582888.0'}","{""X Axis"": ""1626 mm"", ""Y Axis"": ""813 mm"", ""Z Axis"": ""762 mm"", ""A Axis - Tilt"": ""\u00b1 120 \u00b0"", ""B Axis - Rotation"": ""360 \u00b0"", ""Spindle Nose to Platter (~ max)"": ""508 mm"", ""Spindle Nose to Table (~ max)"": ""889 mm"", ""Spindle Nose to Platter (~ min)"": ""254- mm"", ""Spindle Nose to Table (~ min)"": ""127 mm""}","{""Max Rating"": ""22.4 kW"", ""Max Speed"": ""7500 rpm"", ""Max Torque"": ""460.0 Nm @ 700 rpm"", ""Drive System"": ""2-Speed Gearbox"", ""Taper"": ""CT or BT 50""}","{""Length"": ""1626 mm"", ""Width"": ""711 mm"", ""T-Slot Width"": ""15.90 mm to 16.00 mm"", ""T-Slot Center Distance"": ""125 mm"", ""Number of Std T-Slots"": ""5"", ""Max Weight on Table (evenly distributed)"": ""1814 kg""}","{""Max Cutting"": ""12.7 m/min"", ""Rapids on X"": ""15.2 m/min"", ""Rapids on Y"": ""15.2 m/min"", ""Rapids on Z"": ""15.2 m/min""}","{""Max Thrust X"": ""15124 N"", ""Max Thrust Y"": ""18238 N"", ""Max Thrust Z"": ""24910 N""}","{""Type"": ""SMTC"", ""Capacity"": ""30+1"", ""Max Tool Diameter (full)"": ""102 mm"", ""Max Tool Diameter (adjacent empty)"": ""254 mm"", ""Max Tool Length (from gage line)"": ""406 mm"", ""Max Tool Weight"": ""13.6 kg"", ""Tool-to-Tool (avg)"": ""4.20 s"", ""Chip-to-Chip (avg)"": ""6.30 s""}","{""Coolant Capacity"": ""360 L""}","{""Air Required\u2020"": ""113 L/min @ 6.9 bar"", ""Inline Air Hose"": ""3/8 in"", ""Coupler (Air)"": ""3/8 in"", ""Air Pressure Min"": ""5.5 bar""}","{""Spindle Speed"": ""7500 rpm"", ""Drive System"": ""2-Speed Gearbox"", ""Spindle Power"": ""22.4 kW"", ""Input AC Voltage (3 Phase) - Low"": ""220 VAC"", ""Full Load Amps (3 Phase) - Low"": ""70 A"", ""Input AC Voltage (3 Phase) - High*"": ""440 VAC"", ""Full Load Amps (3 Phase) - High*"": ""35 A""}","{""Domestic Pallet"": ""496 cm x 260 cm x 346 cm"", ""Export Crate"": ""496 cm x 268 cm x 359 cm"", ""Weight"": ""12003.0 kg"", ""Domestic Pallet w/EC Option"": ""496 cm x 260 cm x 353 cm"", ""Export Crate w/EC Option"": ""496 cm x 268 cm x 366 cm"", ""Weight w/EC Option"": ""12157 kg""}","{""Platter Diameter"": ""310 mm"", ""Max Weight on Platter"": ""226.8 kg"", ""Max Part Swing (reduced at tilt angles > \u00b1 90\u00b0)"": ""787 mm"", ""T-Slot Width"": ""16 mm"", ""Number of Std T-Slots"": ""6"", ""Rapids on A"": ""50 \u00b0/sec"", ""Rapids on B"": ""50 \u00b0/sec"", ""Max Cutting A"": ""33 \u00b0/sec"", ""Max Cutting B"": ""33 \u00b0/sec""}"
25,VF-7/40,"CNC Vertical Mill with 84"" x 32"" x 30"" travels",/machines/vertical-mills/vf-series/models/large/vf-7-40.html,"{'USD': '391995.0', 'EUR': '356395.0', 'GBP': '301395.0', 'CHF': '432995.0', 'CNY': '3582888.0'}","{""X Axis"": ""2134 mm"", ""Y Axis"": ""813 mm"", ""Z Axis"": ""762 mm"", ""Spindle Nose to Table (~ max)"": ""864 mm"", ""Spindle Nose to Table (~ min)"": ""102 mm""}","{""Max Rating"": ""22.4 kW"", ""Max Speed"": ""8100 rpm"", ""Max Torque"": ""122.0 Nm @ 2000 rpm"", ""Max Torque w/opt Gearbox"": ""339 Nm @ 450 rpm"", ""Drive System"": ""Inline Direct-Drive"", ""Taper"": ""CT40 | BT40 | HSK-A63"", ""Bearing Lubrication"": ""Air / Oil Injection"", ""Cooling"": ""Liquid Cooled""}","{""Length"": ""2134 mm"", ""Width"": ""711 mm"", ""T-Slot Width"": ""15.90 mm to 16.00 mm"", ""T-Slot Center Distance"": ""125 mm"", ""Number of Std T-Slots"": ""5"", ""Max Weight on Table (evenly distributed)"": ""1814 kg""}","{""Max Cutting"": ""12.7 m/min"", ""Rapids on X"": ""15.2 m/min"", ""Rapids on Y"": ""15.2 m/min"", ""Rapids on Z"": ""15.2 m/min""}","{""Max Thrust X"": ""15124 N"", ""Max Thrust Y"": ""15124 N"", ""Max Thrust Z"": ""24910 N""}","{""Type"": ""SMTC"", ""Capacity"": ""30+1"", ""Max Tool Diameter (full)"": ""64 mm"", ""Max Tool Diameter (adjacent empty)"": ""152 mm"", ""Max Tool Length (from gage line)"": ""406 mm"", ""Max Tool Weight"": ""5.4 kg"", ""Tool-to-Tool (avg)"": ""2.80 s"", ""Chip-to-Chip (avg)"": ""3.60 s""}","{""Coolant Capacity"": ""360 L""}","{""Air Required\u2020"": ""113 L/min @ 6.9 bar"", ""Inline Air Hose"": ""3/8 in"", ""Coupler (Air)"": ""3/8 in"", ""Air Pressure Min"": ""5.5 bar""}","{""Spindle Speed"": ""8100 rpm"", ""Drive System"": ""Inline Direct-Drive"", ""Spindle Power"": ""22.4 kW"", ""Input AC Voltage (3 Phase) - Low"": ""220 VAC"", ""Full Load Amps (3 Phase) - Low"": ""70 A"", ""Input AC Voltage (3 Phase) - High*"": ""440 VAC"", ""Full Load Amps (3 Phase) - High*"": ""35 A""}","{""Domestic Pallet"": ""544 cm x 260 cm x 326 cm"", ""Export Crate"": ""544 cm x 268 cm x 330 cm"", ""Weight"": ""11612.0 kg"", ""Domestic Pallet w/EC Option"": ""544 cm x 260 cm x 351 cm"", ""Export Crate w/EC Option"": ""544 cm x 270 cm x 352 cm"", ""Weight w/EC Option"": ""11612 kg"", ""Domestic Pallet w/50+1 SMTC"": ""544 cm x 260 cm x 339 cm"", ""Export Crate w/50+1 SMTC"": ""544 cm x 268 cm x 344 cm"", ""Weight w/50+1 SMTC"": ""11612 kg"", ""Domestic Pallet w/EC Option & 50+1 SMTC"": ""544 cm x 260 cm x 364 cm"", ""Export Crate w/EC Option & 50+1 SMTC"": ""544 cm x 270 cm x 364 cm"", ""Weight w/EC Option & 50+1 SMTC"": ""11612 kg""}",{}
26,VF-7/50,"CNC Vertical Mill with 84"" x 32"" x 30"" travels",/machines/vertical-mills/vf-series/models/large/vf-7-50.html,"{'USD': '391995.0', 'EUR': '356395.0', 'GBP': '301395.0', 'CHF': '432995.0', 'CNY': '3582888.0'}","{""X Axis"": ""2134 mm"", ""Y Axis"": ""813 mm"", ""Z Axis"": ""762 mm"", ""Spindle Nose to Table (~ max)"": ""889 mm"", ""Spindle Nose to Table (~ min)"": ""127 mm""}","{""Max Rating"": ""22.4 kW"", ""Max Speed"": ""7500 rpm"", ""Max Torque"": ""460.0 Nm @ 700 rpm"", ""Drive System"": ""2-Speed Gearbox"", ""Taper"": ""CT or BT 50"", ""Bearing Lubrication"": ""Air / Oil Injection"", ""Cooling"": ""Liquid Cooled""}","{""Length"": ""2134 mm"", ""Width"": ""711 mm"", ""T-Slot Width"": ""15.90 mm to 16.00 mm"", ""T-Slot Center Distance"": ""125 mm"", ""Number of Std T-Slots"": ""5"", ""Max Weight on Table (evenly distributed)"": ""1814 kg""}","{""Max Cutting"": ""12.7 m/min"", ""Rapids on X"": ""15.2 m/min"", ""Rapids on Y"": ""15.2 m/min"", ""Rapids on Z"": ""15.2 m/min""}","{""Max Thrust X"": ""15124 N"", ""Max Thrust Y"": ""18238 N"", ""Max Thrust Z"": ""24910 N""}","{""Type"": ""SMTC"", ""Capacity"": ""30+1"", ""Max Tool Diameter (full)"": ""102 mm"", ""Max Tool Diameter (adjacent empty)"": ""254 mm"", ""Max Tool Length (from gage line)"": ""406 mm"", ""Max Tool Weight"": ""13.6 kg"", ""Tool-to-Tool (avg)"": ""4.20 s"", ""Chip-to-Chip (avg)"": ""6.30 s""}","{""Coolant Capacity"": ""360 L""}","{""Air Required\u2020"": ""113 L/min @ 6.9 bar"", ""Inline Air Hose"": ""3/8 in"", ""Coupler (Air)"": ""3/8 in"", ""Air Pressure Min"": ""5.5 bar""}","{""Spindle Speed"": ""7500 rpm"", ""Drive System"": ""2-Speed Gearbox"", ""Spindle Power"": ""22.4 kW"", ""Input AC Voltage (3 Phase) - Low"": ""220 VAC"", ""Full Load Amps (3 Phase) - Low"": ""70 A"", ""Input AC Voltage (3 Phase) - High*"": ""440 VAC"", ""Full Load Amps (3 Phase) - High*"": ""35 A""}","{""Domestic Pallet"": ""544 cm x 260 cm x 334 cm"", ""Export Crate"": ""544 cm x 270 cm x 339 cm"", ""Weight"": ""12021.0 kg"", ""Domestic Pallet w/EC Option"": ""544 cm x 260 cm x 356 cm"", ""Export Crate w/EC Option"": ""544 cm x 270 cm x 359 cm"", ""Weight w/EC Option"": ""12021 kg""}",{}
27,VF-8/40,"CNC Vertical Mill with 64"" x 40"" x 30"" travels",/machines/vertical-mills/vf-series/models/large/vf-8-40.html,"{'USD': '391995.0', 'EUR': '356395.0', 'GBP': '301395.0', 'CHF': '432995.0', 'CNY': '3582888.0'}","{""X Axis"": ""1626 mm"", ""Y Axis"": ""1016 mm"", ""Z Axis"": ""762 mm"", ""Spindle Nose to Table (~ max)"": ""864 mm"", ""Spindle Nose to Table (~ min)"": ""102 mm""}","{""Max Rating"": ""22.4 kW"", ""Max Speed"": ""8100 rpm"", ""Max Torque"": ""122.0 Nm @ 2000 rpm"", ""Max Torque w/opt Gearbox"": ""339 Nm @ 450 rpm"", ""Drive System"": ""Inline Direct-Drive"", ""Taper"": ""CT40 | BT40 | HSK-A63"", ""Bearing Lubrication"": ""Air / Oil Injection"", ""Cooling"": ""Liquid Cooled""}","{""Length"": ""1626 mm"", ""Width"": ""914 mm"", ""T-Slot Width"": ""15.90 mm to 16.00 mm"", ""T-Slot Center Distance"": ""125 mm"", ""Number of Std T-Slots"": ""7"", ""Max Weight on Table (evenly distributed)"": ""1814 kg""}","{""Max Cutting"": ""12.7 m/min"", ""Rapids on X"": ""15.2 m/min"", ""Rapids on Y"": ""15.2 m/min"", ""Rapids on Z"": ""15.2 m/min""}","{""Max Thrust X"": ""15124 N"", ""Max Thrust Y"": ""15124 N"", ""Max Thrust Z"": ""24910 N""}","{""Type"": ""SMTC"", ""Capacity"": ""30+1"", ""Max Tool Diameter (full)"": ""64 mm"", ""Max Tool Diameter (adjacent empty)"": ""127 mm"", ""Max Tool Length (from gage line)"": ""406 mm"", ""Max Tool Weight"": ""5.4 kg"", ""Tool-to-Tool (avg)"": ""2.80 s"", ""Chip-to-Chip (avg)"": ""3.60 s""}","{""Coolant Capacity"": ""360 L""}","{""Air Required\u2020"": ""113 L/min @ 6.9 bar"", ""Inline Air Hose"": ""3/8 in"", ""Coupler (Air)"": ""3/8 in"", ""Air Pressure Min"": ""5.5 bar""}","{""Spindle Speed"": ""8100 rpm"", ""Drive System"": ""Inline Direct-Drive"", ""Spindle Power"": ""22.4 kW"", ""Input AC Voltage (3 Phase) - Low"": ""220 VAC"", ""Full Load Amps (3 Phase) - Low"": ""70 A"", ""Input AC Voltage (3 Phase) - High*"": ""440 VAC"", ""Full Load Amps (3 Phase) - High*"": ""35 A""}","{""Domestic Pallet"": ""491 cm x 305 cm x 331 cm"", ""Export Crate"": ""491 cm x 313 cm x 341 cm"", ""Weight"": ""11250.0 kg"", ""Domestic Pallet w/EC Option"": ""491 cm x 305 cm x 343 cm"", ""Export Crate w/EC Option"": ""491 cm x 313 cm x 354 cm"", ""Weight w/EC Option"": ""11250 kg"", ""Domestic Pallet w/50+1 SMTC"": ""491 cm x 305 cm x 351 cm"", ""Export Crate w/50+1 SMTC"": ""491 cm x 313 cm x 361 cm"", ""Weight w/50+1 SMTC"": ""11250 kg"", ""Domestic Pallet w/EC Option & 50+1 SMTC"": ""491 cm x 305 cm x 364 cm"", ""Export Crate w/EC Option & 50+1 SMTC"": ""491 cm x 313 cm x 374 cm"", ""Weight w/EC Option & 50+1 SMTC"": ""11250 kg""}",{}
28,VF-8/50,"CNC Vertical Mill with 64"" x 40"" x 30"" travels",/machines/vertical-mills/vf-series/models/large/vf-8-50.html,"{'USD': '391995.0', 'EUR': '356395.0', 'GBP': '301395.0', 'CHF': '432995.0', 'CNY': '3582888.0'}","{""X Axis"": ""1626 mm"", ""Y Axis"": ""1016 mm"", ""Z Axis"": ""762 mm"", ""Spindle Nose to Table (~ max)"": ""889 mm"", ""Spindle Nose to Table (~ min)"": ""127 mm""}","{""Max Rating"": ""22.4 kW"", ""Max Speed"": ""7500 rpm"", ""Max Torque"": ""460.0 Nm @ 700 rpm"", ""Drive System"": ""2-Speed Gearbox"", ""Taper"": ""CT or BT 50"", ""Bearing Lubrication"": ""Air / Oil Injection"", ""Cooling"": ""Liquid Cooled""}","{""Length"": ""1626 mm"", ""Width"": ""914 mm"", ""T-Slot Width"": ""15.90 mm to 0.63 mm"", ""T-Slot Center Distance"": ""125 mm"", ""Number of Std T-Slots"": ""7"", ""Max Weight on Table (evenly distributed)"": ""1814 kg""}","{""Max Cutting"": ""12.7 m/min"", ""Rapids on X"": ""15.2 m/min"", ""Rapids on Y"": ""15.2 m/min"", ""Rapids on Z"": ""15.2 m/min""}","{""Max Thrust X"": ""15124 N"", ""Max Thrust Y"": ""18238 N"", ""Max Thrust Z"": ""24910 N""}","{""Type"": ""SMTC"", ""Capacity"": ""30+1"", ""Max Tool Diameter (full)"": ""102 mm"", ""Max Tool Diameter (adjacent empty)"": ""254 mm"", ""Max Tool Length (from gage line)"": ""406 mm"", ""Max Tool Weight"": ""13.6 kg"", ""Tool-to-Tool (avg)"": ""4.20 s"", ""Chip-to-Chip (avg)"": ""6.30 s""}","{""Coolant Capacity"": ""360 L""}","{""Air Required\u2020"": ""113 L/min @ 6.9 bar"", ""Inline Air Hose"": ""3/8 in"", ""Coupler (Air)"": ""3/8 in"", ""Air Pressure Min"": ""5.5 bar""}","{""Spindle Speed"": ""7500 rpm"", ""Drive System"": ""2-Speed Gearbox"", ""Spindle Power"": ""22.4 kW"", ""Input AC Voltage (3 Phase) - Low"": ""220 VAC"", ""Full Load Amps (3 Phase) - Low"": ""70 A"", ""Input AC Voltage (3 Phase) - High*"": ""440 VAC"", ""Full Load Amps (3 Phase) - High*"": ""35 A""}","{""Domestic Pallet"": ""494 cm x 305 cm x 333 cm"", ""Export Crate"": ""494 cm x 313 cm x 339 cm"", ""Weight"": ""13155.0 kg"", ""Domestic Pallet w/EC Option"": ""494 cm x 305 cm x 356 cm"", ""Export Crate w/EC Option"": ""494 cm x 313 cm x 359 cm"", ""Weight w/EC Option"": ""13155 kg""}",{}
29,VF-9/40,"CNC Vertical Mill with 84"" x 40"" x 30"" travels",/machines/vertical-mills/vf-series/models/large/vf-9-40.html,"{'USD': '391995.0', 'EUR': '356395.0', 'GBP': '301395.0', 'CHF': '432995.0', 'CNY': '3582888.0'}","{""X Axis"": ""2134 mm"", ""Y Axis"": ""1016 mm"", ""Z Axis"": ""762 mm"", ""Spindle Nose to Table (~ max)"": ""864 mm"", ""Spindle Nose to Table (~ min)"": ""102 mm""}","{""Max Rating"": ""22.4 kW"", ""Max Speed"": ""8100 rpm"", ""Max Torque"": ""122.0 Nm @ 2000 rpm"", ""Max Torque w/opt Gearbox"": ""339 Nm @ 450 rpm"", ""Drive System"": ""Inline Direct-Drive"", ""Taper"": ""CT40 | BT40 | HSK-A63"", ""Bearing Lubrication"": ""Air / Oil Injection"", ""Cooling"": ""Liquid Cooled""}","{""Length"": ""2134 mm"", ""Width"": ""914 mm"", ""T-Slot Width"": ""15.90 mm to 16.00 mm"", ""T-Slot Center Distance"": ""125 mm"", ""Number of Std T-Slots"": ""7"", ""Max Weight on Table (evenly distributed)"": ""1814 kg""}","{""Max Cutting"": ""12.7 m/min"", ""Rapids on X"": ""15.2 m/min"", ""Rapids on Y"": ""15.2 m/min"", ""Rapids on Z"": ""15.2 m/min""}","{""Max Thrust X"": ""15124 N"", ""Max Thrust Y"": ""15124 N"", ""Max Thrust Z"": ""24910 N""}","{""Type"": ""SMTC"", ""Capacity"": ""30+1"", ""Max Tool Diameter (full)"": ""64 mm"", ""Max Tool Diameter (adjacent empty)"": ""152 mm"", ""Max Tool Length (from gage line)"": ""406 mm"", ""Max Tool Weight"": ""5.4 kg"", ""Tool-to-Tool (avg)"": ""2.80 s"", ""Chip-to-Chip (avg)"": ""3.60 s""}","{""Coolant Capacity"": ""360 L""}","{""Air Required\u2020"": ""113 L/min @ 6.9 bar"", ""Inline Air Hose"": ""3/8 in"", ""Coupler (Air)"": ""3/8 in"", ""Air Pressure Min"": ""5.5 bar""}","{""Spindle Speed"": ""8100 rpm"", ""Drive System"": ""Inline Direct-Drive"", ""Spindle Power"": ""22.4 kW"", ""Input AC Voltage (3 Phase) - Low"": ""220 VAC"", ""Full Load Amps (3 Phase) - Low"": ""70 A"", ""Input AC Voltage (3 Phase) - High*"": ""440 VAC"", ""Full Load Amps (3 Phase) - High*"": ""35 A""}","{""Domestic Pallet"": ""544 cm x 305 cm x 326 cm"", ""Export Crate"": ""544 cm x 313 cm x 331 cm"", ""Weight"": ""12837.0 kg"", ""Domestic Pallet w/EC Option"": ""544 cm x 305 cm x 343 cm"", ""Export Crate w/EC Option"": ""544 cm x 313 cm x 354 cm"", ""Weight w/EC Option"": ""12837 kg"", ""Domestic Pallet w/50+1 SMTC"": ""544 cm x 305 cm x 338 cm"", ""Export Crate w/50+1 SMTC"": ""544 cm x 313 cm x 344 cm"", ""Weight w/50+1 SMTC"": ""12837 kg"", ""Domestic Pallet w/EC Option & 50+1 SMTC"": ""544 cm x 305 cm x 351 cm"", ""Export Crate w/EC Option & 50+1 SMTC"": ""544 cm x 313 cm x 364 cm"", ""Weight w/EC Option & 50+1 SMTC"": ""12837 kg""}",{}
30,VF-9/50,"CNC Vertical Mill with 84"" x 40"" x 30"" travels",/machines/vertical-mills/vf-series/models/large/vf-9-50.html,"{'USD': '391995.0', 'EUR': '356395.0', 'GBP': '301395.0', 'CHF': '432995.0', 'CNY': '3582888.0'}","{""X Axis"": ""2134 mm"", ""Y Axis"": ""1016 mm"", ""Z Axis"": ""762 mm"", ""Spindle Nose to Table (~ max)"": ""889 mm"", ""Spindle Nose to Table (~ min)"": ""127 mm""}","{""Max Rating"": ""22.4 kW"", ""Max Speed"": ""7500 rpm"", ""Max Torque"": ""460.0 Nm @ 700 rpm"", ""Drive System"": ""2-Speed Gearbox"", ""Taper"": ""CT or BT 50"", ""Bearing Lubrication"": ""Air / Oil Injection"", ""Cooling"": ""Liquid Cooled""}","{""Length"": ""2134 mm"", ""Width"": ""914 mm"", ""T-Slot Width"": ""15.90 mm to 16.00 mm"", ""T-Slot Center Distance"": ""125 mm"", ""Number of Std T-Slots"": ""7"", ""Max Weight on Table (evenly distributed)"": ""1814 kg""}","{""Max Cutting"": ""12.7 m/min"", ""Rapids on X"": ""15.2 m/min"", ""Rapids on Y"": ""15.2 m/min"", ""Rapids on Z"": ""15.2 m/min""}","{""Max Thrust X"": ""15124 N"", ""Max Thrust Y"": ""18238 N"", ""Max Thrust Z"": ""24910 N""}","{""Type"": ""SMTC"", ""Capacity"": ""30+1"", ""Max Tool Diameter (full)"": ""102 mm"", ""Max Tool Diameter (adjacent empty)"": ""254 mm"", ""Max Tool Length (from gage line)"": ""406 mm"", ""Max Tool Weight"": ""13.6 kg"", ""Tool-to-Tool (avg)"": ""4.20 s"", ""Chip-to-Chip (avg)"": ""6.30 s""}","{""Coolant Capacity"": ""360 L""}","{""Air Required\u2020"": ""113 L/min @ 6.9 bar"", ""Inline Air Hose"": ""3/8 in"", ""Coupler (Air)"": ""3/8 in"", ""Air Pressure Min"": ""5.5 bar""}","{""Spindle Speed"": ""7500 rpm"", ""Drive System"": ""2-Speed Gearbox"", ""Spindle Power"": ""22.4 kW"", ""Input AC Voltage (3 Phase) - Low"": ""220 VAC"", ""Full Load Amps (3 Phase) - Low"": ""70 A"", ""Input AC Voltage (3 Phase) - High*"": ""440 VAC"", ""Full Load Amps (3 Phase) - High*"": ""35 A""}","{""Domestic Pallet"": ""544 cm x 305 cm x 334 cm"", ""Export Crate"": ""544 cm x 313 cm x 339 cm"", ""Weight"": ""13109.0 kg"", ""Domestic Pallet w/EC Option"": ""544 cm x 305 cm x 356 cm"", ""Export Crate w/EC Option"": ""544 cm x 313 cm x 359 cm"", ""Weight w/EC Option"": ""13109 kg""}",{}
31,VF-10/40,"CNC Vertical Mill with 120"" x 32"" x 30"" travels",/machines/vertical-mills/vf-series/models/large/vf-10-40.html,"{'USD': '391995.0', 'EUR': '356395.0', 'GBP': '301395.0', 'CHF': '432995.0', 'CNY': '3582888.0'}","{""X Axis"": ""3048 mm"", ""Y Axis"": ""813 mm"", ""Z Axis"": ""762 mm"", ""Spindle Nose to Table (~ max)"": ""864 mm"", ""Spindle Nose to Table (~ min)"": ""102 mm""}","{""Max Rating"": ""22.4 kW"", ""Max Speed"": ""8100 rpm"", ""Max Torque"": ""122.0 Nm @ 2000 rpm"", ""Max Torque w/opt Gearbox"": ""339 Nm @ 450 rpm"", ""Drive System"": ""Inline Direct-Drive"", ""Taper"": ""CT40 | BT40 | HSK-A63"", ""Bearing Lubrication"": ""Air / Oil Injection"", ""Cooling"": ""Liquid Cooled""}","{""Length"": ""3048 mm"", ""Width"": ""711 mm"", ""T-Slot Width"": ""15.90 mm to 16.00 mm"", ""T-Slot Center Distance"": ""125 mm"", ""Number of Std T-Slots"": ""5"", ""Max Weight on Table (evenly distributed)"": ""1814 kg""}","{""Max Cutting"": ""9.1 m/min"", ""Rapids on X"": ""9.1 m/min"", ""Rapids on Y"": ""15.2 m/min"", ""Rapids on Z"": ""15.2 m/min""}","{""Max Thrust X"": ""15124 N"", ""Max Thrust Y"": ""15124 N"", ""Max Thrust Z"": ""24910 N""}","{""Type"": ""SMTC"", ""Capacity"": ""30+1"", ""Max Tool Diameter (full)"": ""64 mm"", ""Max Tool Diameter (adjacent empty)"": ""152 mm"", ""Max Tool Length (from gage line)"": ""406 mm"", ""Max Tool Weight"": ""5.4 kg"", ""Tool-to-Tool (avg)"": ""2.80 s"", ""Chip-to-Chip (avg)"": ""3.60 s""}","{""Coolant Capacity"": ""360 L""}","{""Air Required\u2020"": ""113 L/min @ 6.9 bar"", ""Inline Air Hose"": ""3/8 in"", ""Coupler (Air)"": ""3/8 in"", ""Air Pressure Min"": ""5.5 bar""}","{""Spindle Speed"": ""10000 rpm"", ""Drive System"": ""Inline Direct-Drive"", ""Spindle Power"": ""22.4 kW"", ""Input AC Voltage (3 Phase) - Low"": ""220 VAC"", ""Full Load Amps (3 Phase) - Low"": ""70 A"", ""Input AC Voltage (3 Phase) - High*"": ""440 VAC"", ""Full Load Amps (3 Phase) - High*"": ""35 A""}","{""Domestic Pallet"": ""732 cm x 260 cm x 326 cm"", ""Export Crate"": ""732 cm x 267 cm x 331 cm"", ""Weight"": ""13654.0 kg"", ""Domestic Pallet w/EC Option"": ""732 cm x 260 cm x 343 cm"", ""Export Crate w/EC Option"": ""732 cm x 267 cm x 354 cm"", ""Weight w/EC Option"": ""13654 kg"", ""Domestic Pallet w/50+1 SMTC"": ""732 cm x 260 cm x 338 cm"", ""Export Crate w/50+1 SMTC"": ""732 cm x 267 cm x 344 cm"", ""Weight w/50+1 SMTC"": ""13654 kg"", ""Domestic Pallet w/EC Option & 50+1 SMTC"": ""732 cm x 260 cm x 364 cm"", ""Export Crate w/EC Option & 50+1 SMTC"": ""732 cm x 267 cm x 364 cm"", ""Weight w/EC Option & 50+1 SMTC"": ""13654 kg""}",{}
32,VF-10/50,"CNC Vertical Mill with 120"" x 32"" x 30"" travels",/machines/vertical-mills/vf-series/models/large/vf-10-50.html,"{'USD': '391995.0', 'EUR': '356395.0', 'GBP': '301395.0', 'CHF': '432995.0', 'CNY': '3582888.0'}","{""X Axis"": ""3048 mm"", ""Y Axis"": ""813 mm"", ""Z Axis"": ""762 mm"", ""Spindle Nose to Table (~ max)"": ""889 mm"", ""Spindle Nose to Table (~ min)"": ""127 mm""}","{""Max Rating"": ""22.4 kW"", ""Max Speed"": ""7500 rpm"", ""Max Torque"": ""460.0 Nm @ 700 rpm"", ""Drive System"": ""2-Speed Gearbox"", ""Taper"": ""CT or BT 50"", ""Bearing Lubrication"": ""Air / Oil Injection"", ""Cooling"": ""Liquid Cooled""}","{""Length"": ""3048 mm"", ""Width"": ""711 mm"", ""T-Slot Width"": ""15.90 mm to 16.00 mm"", ""T-Slot Center Distance"": ""125 mm"", ""Number of Std T-Slots"": ""5"", ""Max Weight on Table (evenly distributed)"": ""1814 kg""}","{""Max Cutting"": ""9.1 m/min"", ""Rapids on X"": ""9.1 m/min"", ""Rapids on Y"": ""15.2 m/min"", ""Rapids on Z"": ""15.2 m/min""}","{""Max Thrust X"": ""15124 N"", ""Max Thrust Y"": ""18238 N"", ""Max Thrust Z"": ""24910 N""}","{""Type"": ""SMTC"", ""Capacity"": ""30+1"", ""Max Tool Diameter (full)"": ""102 mm"", ""Max Tool Diameter (adjacent empty)"": ""254 mm"", ""Max Tool Length (from gage line)"": ""406 mm"", ""Max Tool Weight"": ""13.6 kg"", ""Tool-to-Tool (avg)"": ""4.20 s"", ""Chip-to-Chip (avg)"": ""6.30 s""}","{""Coolant Capacity"": ""360 L""}","{""Air Required\u2020"": ""113 L/min @ 6.9 bar"", ""Inline Air Hose"": ""3/8 in"", ""Coupler (Air)"": ""3/8 in"", ""Air Pressure Min"": ""5.5 bar""}","{""Spindle Speed"": ""7500 rpm"", ""Drive System"": ""2-Speed Gearbox"", ""Spindle Power"": ""22.4 kW"", ""Input AC Voltage (3 Phase) - Low"": ""220 VAC"", ""Full Load Amps (3 Phase) - Low"": ""70 A"", ""Input AC Voltage (3 Phase) - High*"": ""440 VAC"", ""Full Load Amps (3 Phase) - High*"": ""35 A""}","{""Domestic Pallet"": ""732 cm x 260 cm x 336 cm"", ""Export Crate"": ""732 cm x 267 cm x 339 cm"", ""Weight"": ""14334.0 kg"", ""Domestic Pallet w/EC Option"": ""732 cm x 260 cm x 356 cm"", ""Export Crate w/EC Option"": ""732 cm x 267 cm x 359 cm"", ""Weight w/EC Option"": ""14334 kg""}",{}
33,VF-11/40,"CNC Vertical Mill with 120"" x 40"" x 30"" travels",/machines/vertical-mills/vf-series/models/large/vf-11-40.html,"{'USD': '391995.0', 'EUR': '356395.0', 'GBP': '301395.0', 'CHF': '432995.0', 'CNY': '3582888.0'}","{""X Axis"": ""3048 mm"", ""Y Axis"": ""1016 mm"", ""Z Axis"": ""762 mm"", ""Spindle Nose to Table (~ max)"": ""864 mm"", ""Spindle Nose to Table (~ min)"": ""102 mm""}","{""Max Rating"": ""22.4 kW"", ""Max Speed"": ""8100 rpm"", ""Max Torque"": ""122.0 Nm @ 2000 rpm"", ""Max Torque w/opt Gearbox"": ""339 Nm @ 450 rpm"", ""Drive System"": ""Inline Direct-Drive"", ""Taper"": ""CT40 | BT40 | HSK-A63"", ""Bearing Lubrication"": ""Air / Oil Injection"", ""Cooling"": ""Liquid Cooled""}","{""Length"": ""3048 mm"", ""Width"": ""711 mm"", ""T-Slot Width"": ""15.90 mm to 16.00 mm"", ""T-Slot Center Distance"": ""125 mm"", ""Number of Std T-Slots"": ""5"", ""Max Weight on Table (evenly distributed)"": ""1814 kg""}","{""Max Cutting"": ""9.1 m/min"", ""Rapids on X"": ""9.1 m/min"", ""Rapids on Y"": ""15.2 m/min"", ""Rapids on Z"": ""15.2 m/min""}","{""Max Thrust X"": ""15124 N"", ""Max Thrust Y"": ""15124 N"", ""Max Thrust Z"": ""24910 N""}","{""Type"": ""SMTC"", ""Capacity"": ""30+1"", ""Max Tool Diameter (full)"": ""64 mm"", ""Max Tool Diameter (adjacent empty)"": ""152 mm"", ""Max Tool Length (from gage line)"": ""406 mm"", ""Max Tool Weight"": ""5.4 kg"", ""Tool-to-Tool (avg)"": ""2.80 s"", ""Chip-to-Chip (avg)"": ""3.60 s""}","{""Coolant Capacity"": ""360 L""}","{""Air Required\u2020"": ""113 L/min @ 6.9 bar"", ""Inline Air Hose"": ""3/8 in"", ""Coupler (Air)"": ""3/8 in"", ""Air Pressure Min"": ""5.5 bar""}","{""Spindle Speed"": ""8100 rpm"", ""Drive System"": ""Inline Direct-Drive"", ""Spindle Power"": ""22.4 kW"", ""Input AC Voltage (3 Phase) - Low"": ""220 VAC"", ""Full Load Amps (3 Phase) - Low"": ""70 A"", ""Input AC Voltage (3 Phase) - High*"": ""440 VAC"", ""Full Load Amps (3 Phase) - High*"": ""35 A""}","{""Domestic Pallet"": ""732 cm x 305 cm x 326 cm"", ""Export Crate"": ""732 cm x 312 cm x 331 cm"", ""Weight"": ""15150.0 kg"", ""Domestic Pallet w/EC Option"": ""732 cm x 305 cm x 343 cm"", ""Export Crate w/EC Option"": ""732 cm x 312 cm x 352 cm"", ""Weight w/EC Option"": ""15287 kg"", ""Domestic Pallet w/50+1 SMTC"": ""732 cm x 305 cm x 351 cm"", ""Export Crate w/50+1 SMTC"": ""732 cm x 312 cm x 352 cm"", ""Weight w/50+1 SMTC"": ""15287 kg"", ""Domestic Pallet w/EC Option & 50+1 SMTC"": ""732 cm x 305 cm x 358 cm"", ""Export Crate w/EC Option & 50+1 SMTC"": ""732 cm x 313 cm x 364 cm"", ""Weight w/EC Option & 50+1 SMTC"": ""15287 kg""}",{}
34,VF-11/50,"CNC Vertical Mill with 120"" x 40"" x 30"" travels",/machines/vertical-mills/vf-series/models/large/vf-11-50.html,"{'USD': '391995.0', 'EUR': '356395.0', 'GBP': '301395.0', 'CHF': '432995.0', 'CNY': '3582888.0'}","{""X Axis"": ""3048 mm"", ""Y Axis"": ""1016 mm"", ""Z Axis"": ""762 mm"", ""Spindle Nose to Table (~ max)"": ""889 mm"", ""Spindle Nose to Table (~ min)"": ""127 mm""}","{""Max Rating"": ""22.4 kW"", ""Max Speed"": ""7500 rpm"", ""Max Torque"": ""460.0 Nm @ 700 rpm"", ""Drive System"": ""2-Speed Gearbox"", ""Taper"": ""CT or BT 50"", ""Bearing Lubrication"": ""Air / Oil Injection""}","{""Length"": ""3048 mm"", ""Width"": ""711 mm"", ""T-Slot Width"": ""15.90 mm to 16.00 mm"", ""T-Slot Center Distance"": ""125 mm"", ""Number of Std T-Slots"": ""5"", ""Max Weight on Table (evenly distributed)"": ""1814 kg""}","{""Max Cutting"": ""9.1 m/min"", ""Rapids on X"": ""9.1 m/min"", ""Rapids on Y"": ""15.2 m/min"", ""Rapids on Z"": ""15.2 m/min""}","{""Max Thrust X"": ""15124 N"", ""Max Thrust Y"": ""18238 N"", ""Max Thrust Z"": ""24910 N""}","{""Type"": ""SMTC"", ""Capacity"": ""30+1"", ""Max Tool Diameter (full)"": ""102 mm"", ""Max Tool Diameter (adjacent empty)"": ""254 mm"", ""Max Tool Length (from gage line)"": ""406 mm"", ""Max Tool Weight"": ""13.6 kg"", ""Tool-to-Tool (avg)"": ""4.20 s"", ""Chip-to-Chip (avg)"": ""6.30 s""}","{""Coolant Capacity"": ""360 L""}","{""Air Required\u2020"": ""113 L/min @ 6.9 bar"", ""Inline Air Hose"": ""3/8 in"", ""Coupler (Air)"": ""3/8 in"", ""Air Pressure Min"": ""5.5 bar""}","{""Spindle Speed"": ""7500 rpm"", ""Drive System"": ""2-Speed Gearbox"", ""Spindle Power"": ""22.4 kW"", ""Input AC Voltage (3 Phase) - Low"": ""220 VAC"", ""Full Load Amps (3 Phase) - Low"": ""70 A"", ""Input AC Voltage (3 Phase) - High*"": ""440 VAC"", ""Full Load Amps (3 Phase) - High*"": ""35 A""}","{""Domestic Pallet"": ""732 cm x 305 cm x 334 cm"", ""Export Crate"": ""732 cm x 312 cm x 339 cm"", ""Weight"": ""16194.0 kg"", ""Domestic Pallet w/EC Option"": ""732 cm x 305 cm x 353 cm"", ""Export Crate w/EC Option"": ""732 cm x 312 cm x 359 cm"", ""Weight w/EC Option"": ""16330 kg""}",{}
35,VF-12/40,"CNC Vertical Mill with 150"" x 32"" x 30"" travels",/machines/vertical-mills/vf-series/models/large/vf-12-40.html,"{'USD': '391995.0', 'EUR': '356395.0', 'GBP': '301395.0', 'CHF': '432995.0', 'CNY': '3582888.0'}","{""X Axis"": ""3810 mm"", ""Y Axis"": ""813 mm"", ""Z Axis"": ""762 mm"", ""Spindle Nose to Table (~ max)"": ""864 mm"", ""Spindle Nose to Table (~ min)"": ""102 mm""}","{""Max Rating"": ""22.4 kW"", ""Max Speed"": ""8100 rpm"", ""Max Torque"": ""122.0 Nm @ 2000 rpm"", ""Max Torque w/opt Gearbox"": ""339 Nm @ 450 rpm"", ""Drive System"": ""Inline Direct-Drive"", ""Taper"": ""CT40 | BT40 | HSK-A63"", ""Bearing Lubrication"": ""Air / Oil Injection"", ""Cooling"": ""Liquid Cooled""}","{""Length"": ""3810 mm"", ""Width"": ""711 mm"", ""T-Slot Width"": ""15.90 mm to 16.00 mm"", ""T-Slot Center Distance"": ""125 mm"", ""Number of Std T-Slots"": ""5"", ""Max Weight on Table (evenly distributed)"": ""1814 kg""}","{""Max Cutting"": ""9.1 m/min"", ""Rapids on X"": ""9.1 m/min"", ""Rapids on Y"": ""15.2 m/min"", ""Rapids on Z"": ""15.2 m/min""}","{""Max Thrust X"": ""15124 N"", ""Max Thrust Y"": ""15124 N"", ""Max Thrust Z"": ""24910 N""}","{""Type"": ""SMTC"", ""Capacity"": ""30+1"", ""Max Tool Diameter (full)"": ""64 mm"", ""Max Tool Diameter (adjacent empty)"": ""152 mm"", ""Max Tool Length (from gage line)"": ""406 mm"", ""Max Tool Weight"": ""5.4 kg"", ""Tool-to-Tool (avg)"": ""2.80 s"", ""Chip-to-Chip (avg)"": ""3.60 s""}","{""Coolant Capacity"": ""360 L""}","{""Air Required\u2020"": ""113 L/min @ 6.9 bar"", ""Inline Air Hose"": ""3/8 in"", ""Coupler (Air)"": ""3/8 in"", ""Air Pressure Min"": ""5.5 bar""}","{""Spindle Speed"": ""8100 rpm"", ""Drive System"": ""Inline Direct-Drive"", ""Spindle Power"": ""22.4 kW"", ""Input AC Voltage (3 Phase) - Low"": ""220 VAC"", ""Full Load Amps (3 Phase) - Low"": ""70 A"", ""Input AC Voltage (3 Phase) - High*"": ""440 VAC"", ""Full Load Amps (3 Phase) - High*"": ""35 A""}","{""Domestic Pallet"": ""871 cm x 280 cm x 331 cm"", ""Export Crate"": ""871 cm x 280 cm x 342 cm"", ""Weight"": ""16466.0 kg""}",{}
36,VF-12/50,"CNC Vertical Mill with 150"" x 32"" x 30"" travels",/machines/vertical-mills/vf-series/models/large/vf-12-50.html,"{'USD': '391995.0', 'EUR': '356395.0', 'GBP': '301395.0', 'CHF': '432995.0', 'CNY': '3582888.0'}","{""X Axis"": ""3810 mm"", ""Y Axis"": ""813 mm"", ""Z Axis"": ""762 mm"", ""Spindle Nose to Table (~ max)"": ""889 mm"", ""Spindle Nose to Table (~ min)"": ""127 mm""}","{""Max Rating"": ""22.4 kW"", ""Max Speed"": ""7500 rpm"", ""Max Torque"": ""460.0 Nm @ 700 rpm"", ""Drive System"": ""2-Speed Gearbox"", ""Taper"": ""CT or BT 50"", ""Bearing Lubrication"": ""Air / Oil Injection"", ""Cooling"": ""Liquid Cooled""}","{""Length"": ""3810 mm"", ""Width"": ""711 mm"", ""T-Slot Width"": ""15.90 mm to 16.00 mm"", ""T-Slot Center Distance"": ""125 mm"", ""Number of Std T-Slots"": ""5"", ""Max Weight on Table (evenly distributed)"": ""1814 kg""}","{""Max Cutting"": ""9.1 m/min"", ""Rapids on X"": ""9.1 m/min"", ""Rapids on Y"": ""15.2 m/min"", ""Rapids on Z"": ""15.2 m/min""}","{""Max Thrust X"": ""15124 N"", ""Max Thrust Y"": ""18238 N"", ""Max Thrust Z"": ""24910 N""}","{""Type"": ""SMTC"", ""Capacity"": ""30+1"", ""Max Tool Diameter (full)"": ""102 mm"", ""Max Tool Diameter (adjacent empty)"": ""254 mm"", ""Max Tool Length (from gage line)"": ""406 mm"", ""Max Tool Weight"": ""13.6 kg"", ""Tool-to-Tool (avg)"": ""4.20 s"", ""Chip-to-Chip (avg)"": ""6.30 s""}","{""Coolant Capacity"": ""360 L""}","{""Air Required\u2020"": ""113 L/min @ 6.9 bar"", ""Inline Air Hose"": ""3/8 in"", ""Coupler (Air)"": ""3/8 in"", ""Air Pressure Min"": ""5.5 bar""}","{""Spindle Speed"": ""7500 rpm"", ""Drive System"": ""2-Speed Gearbox"", ""Spindle Power"": ""22.4 kW"", ""Input AC Voltage (3 Phase) - Low"": ""220 VAC"", ""Full Load Amps (3 Phase) - Low"": ""70 A"", ""Input AC Voltage (3 Phase) - High*"": ""440 VAC"", ""Full Load Amps (3 Phase) - High*"": ""35 A""}","{""Domestic Pallet"": ""871 cm x 280 cm x 341 cm"", ""Export Crate"": ""871 cm x 280 cm x 348 cm"", ""Weight"": ""16874.0 kg""}",{}
37,VF-14/40,"CNC Vertical Mill with 150"" x 40"" x 30"" travels",/machines/vertical-mills/vf-series/models/large/vf-14-40.html,"{'USD': '391995.0', 'EUR': '356395.0', 'GBP': '301395.0', 'CHF': '432995.0', 'CNY': '3582888.0'}","{""X Axis"": ""3810 mm"", ""Y Axis"": ""1016 mm"", ""Z Axis"": ""762 mm"", ""Spindle Nose to Table (~ max)"": ""864 mm"", ""Spindle Nose to Table (~ min)"": ""102 mm""}","{""Max Rating"": ""22.4 kW"", ""Max Speed"": ""8100 rpm"", ""Max Torque"": ""122.0 Nm @ 2000 rpm"", ""Max Torque w/opt Gearbox"": ""339 Nm @ 450 rpm"", ""Drive System"": ""Inline Direct-Drive"", ""Taper"": ""CT40 | BT40 | HSK-A63"", ""Bearing Lubrication"": ""Air / Oil Injection"", ""Cooling"": ""Liquid Cooled""}","{""Length"": ""3810 mm"", ""Width"": ""711 mm"", ""T-Slot Width"": ""15.90 mm to 16.00 mm"", ""T-Slot Center Distance"": ""125 mm"", ""Number of Std T-Slots"": ""5"", ""Max Weight on Table (evenly distributed)"": ""1814 kg""}","{""Max Cutting"": ""9.1 m/min"", ""Rapids on X"": ""9.1 m/min"", ""Rapids on Y"": ""15.2 m/min"", ""Rapids on Z"": ""15.2 m/min""}","{""Max Thrust X"": ""15124 N"", ""Max Thrust Y"": ""15124 N"", ""Max Thrust Z"": ""24910 N""}","{""Type"": ""SMTC"", ""Capacity"": ""30+1"", ""Max Tool Diameter (full)"": ""64 mm"", ""Max Tool Diameter (adjacent empty)"": ""152 mm"", ""Max Tool Length (from gage line)"": ""406 mm"", ""Max Tool Weight"": ""5.4 kg"", ""Tool-to-Tool (avg)"": ""2.80 s"", ""Chip-to-Chip (avg)"": ""3.60 s""}","{""Coolant Capacity"": ""360 L""}","{""Air Required\u2020"": ""113 L/min @ 6.9 bar"", ""Inline Air Hose"": ""3/8 in"", ""Coupler (Air)"": ""3/8 in"", ""Air Pressure Min"": ""5.5 bar""}","{""Spindle Speed"": ""8100 rpm"", ""Drive System"": ""Inline Direct-Drive"", ""Spindle Power"": ""22.4 kW"", ""Input AC Voltage (3 Phase) - Low"": ""220 VAC"", ""Full Load Amps (3 Phase) - Low"": ""70 A"", ""Input AC Voltage (3 Phase) - High*"": ""440 VAC"", ""Full Load Amps (3 Phase) - High*"": ""35 A""}","{""Domestic Pallet"": ""871 cm x 280 cm x 331 cm"", ""Export Crate"": ""871 cm x 280 cm x 342 cm"", ""Weight"": ""16466.0 kg""}",{}
38,VF-14/50,"CNC Vertical Mill with 150"" x 40"" x 30"" travels",/machines/vertical-mills/vf-series/models/large/vf-14-50.html,"{'USD': '391995.0', 'EUR': '356395.0', 'GBP': '301395.0', 'CHF': '432995.0', 'CNY': '3582888.0'}","{""X Axis"": ""3810 mm"", ""Y Axis"": ""1016 mm"", ""Z Axis"": ""762 mm"", ""Spindle Nose to Table (~ max)"": ""889 mm"", ""Spindle Nose to Table (~ min)"": ""127 mm""}","{""Max Rating"": ""22.4 kW"", ""Max Speed"": ""7500 rpm"", ""Max Torque"": ""460.0 Nm @ 700 rpm"", ""Drive System"": ""2-Speed Gearbox"", ""Taper"": ""CT or BT 50"", ""Bearing Lubrication"": ""Air / Oil Injection"", ""Cooling"": ""Liquid Cooled""}","{""Length"": ""3810 mm"", ""Width"": ""711 mm"", ""T-Slot Width"": ""15.90 mm to 16.00 mm"", ""T-Slot Center Distance"": ""125 mm"", ""Number of Std T-Slots"": ""5"", ""Max Weight on Table (evenly distributed)"": ""1814 kg""}","{""Max Cutting"": ""9.1 m/min"", ""Rapids on X"": ""9.1 m/min"", ""Rapids on Y"": ""15.2 m/min"", ""Rapids on Z"": ""15.2 m/min""}","{""Max Thrust X"": ""15124 N"", ""Max Thrust Y"": ""18238 N"", ""Max Thrust Z"": ""24910 N""}","{""Type"": ""SMTC"", ""Capacity"": ""30+1"", ""Max Tool Diameter (full)"": ""102 mm"", ""Max Tool Diameter (adjacent empty)"": ""254 mm"", ""Max Tool Length (from gage line)"": ""406 mm"", ""Max Tool Weight"": ""13.6 kg"", ""Tool-to-Tool (avg)"": ""4.20 s"", ""Chip-to-Chip (avg)"": ""6.30 s""}","{""Coolant Capacity"": ""360 L""}","{""Air Required\u2020"": ""113 L/min @ 6.9 bar"", ""Inline Air Hose"": ""3/8 in"", ""Coupler (Air)"": ""3/8 in"", ""Air Pressure Min"": ""5.5 bar""}","{""Spindle Speed"": ""7500 rpm"", ""Drive System"": ""2-Speed Gearbox"", ""Spindle Power"": ""22.4 kW"", ""Input AC Voltage (3 Phase) - Low"": ""220 VAC"", ""Full Load Amps (3 Phase) - Low"": ""70 A"", ""Input AC Voltage (3 Phase) - High*"": ""440 VAC"", ""Full Load Amps (3 Phase) - High*"": ""35 A""}","{""Domestic Pallet"": ""874 cm x 305 cm x 356 cm"", ""Export Crate"": ""874 cm x 310 cm x 339 cm"", ""Weight"": ""16874.0 kg""}",{}
